Order ID, Amount , Profit ,Quantity,Category,Sub-Category,PaymentMode,Order Date,CustomerName,State,City,Year-Month
B-26776,"$9,726 ","$1,275 ",5,Electronics,Electronic Games,UPI,27-Jun-23,David Padilla,Florida,Miami,2023-06
B-26776,"$9,726 ","$1,275 ",5,Electronics,Electronic Games,UPI,27-Dec-24,Connor Morgan,Illinois,Chicago,2024-12
B-26776,"$9,726 ","$1,275 ",5,Electronics,Electronic Games,UPI,25-Jul-21,Robert Stone,New York,Buffalo,2021-07
B-26776,"$4,975 ","$1,330 ",14,Electronics,Printers,UPI,27-Jun-23,David Padilla,Florida,Miami,2023-06
B-26776,"$4,975 ","$1,330 ",14,Electronics,Printers,UPI,27-Dec-24,Connor Morgan,Illinois,Chicago,2024-12
B-26776,"$4,975 ","$1,330 ",14,Electronics,Printers,UPI,25-Jul-21,Robert Stone,New York,Buffalo,2021-07
B-26942,"$1,525 ",$185 ,12,Office Supplies,Pens,Debit Card,11-May-24,John Fields,Florida,Orlando,2024-05
B-26942,"$1,525 ",$185 ,12,Office Supplies,Pens,Debit Card,09-Oct-21,Clayton Smith,Florida,Miami,2021-10
B-26640,$883 ,$117 ,10,Electronics,Laptops,EMI,18-Nov-22,Richard Kelley,California,Los Angeles,2022-11
B-26640,"$8,127 ","$3,551 ",16,Furniture,Tables,Credit Card,18-Nov-22,Richard Kelley,California,Los Angeles,2022-11
B-25890,"$2,516 ",$734 ,19,Furniture,Chairs,UPI,12-Nov-23,Jacqueline Hubbard,New York,New York City,2023-11
B-25102,"$2,975 ",$462 ,14,Office Supplies,Pens,Credit Card,23-Mar-20,Jessica Anderson,New York,New York City,2020-03
B-25426,"$6,851 ","$2,812 ",1,Office Supplies,Markers,Debit Card,04-May-20,Mary Taylor,Florida,Orlando,2020-05
B-25426,"$7,626 ","$1,046 ",15,Furniture,Sofas,Credit Card,04-May-20,Mary Taylor,Florida,Orlando,2020-05
B-25426,"$1,023 ",$78 ,9,Furniture,Tables,UPI,04-May-20,Mary Taylor,Florida,Orlando,2020-05
B-25238,"$7,600 ","$1,098 ",10,Office Supplies,Pens,UPI,09-Nov-23,Walter Crawford,Illinois,Springfield,2023-11
B-25238,"$7,501 ",$262 ,18,Office Supplies,Paper,COD,09-Nov-23,Walter Crawford,Illinois,Springfield,2023-11
B-25051,$725 ,$133 ,6,Office Supplies,Paper,Credit Card,30-Dec-24,Lawrence Robinson,New York,Rochester,2024-12
B-25051,"$7,201 ","$2,685 ",2,Furniture,Tables,Credit Card,30-Dec-24,Lawrence Robinson,New York,Rochester,2024-12
B-26510,"$1,629 ",$265 ,1,Office Supplies,Paper,UPI,11-Feb-25,Douglas Pennington,Texas,Dallas,2025-02
B-26510,"$1,629 ",$265 ,1,Office Supplies,Paper,UPI,23-Jan-24,Ricardo Andrews,California,San Diego,2024-01
B-25104,"$8,971 ","$2,971 ",19,Office Supplies,Binders,Debit Card,28-Nov-20,Paul Raymond,California,San Diego,2020-11
B-25104,"$2,939 ",$894 ,20,Office Supplies,Binders,COD,28-Nov-20,Paul Raymond,California,San Diego,2020-11
B-25553,"$9,380 ",$414 ,11,Electronics,Phones,UPI,30-May-24,Karen Johnson,New York,Rochester,2024-05
B-25553,"$8,558 ","$1,644 ",18,Office Supplies,Binders,Credit Card,30-May-24,Karen Johnson,New York,Rochester,2024-05
B-25553,"$4,080 ",$72 ,17,Office Supplies,Paper,COD,30-May-24,Karen Johnson,New York,Rochester,2024-05
B-26703,"$4,206 ","$1,821 ",17,Electronics,Electronic Games,EMI,23-Jan-22,Juan Erickson,Texas,Austin,2022-01
B-26232,"$5,219 ","$1,180 ",20,Office Supplies,Binders,COD,17-Dec-21,Alexander Reed,New York,New York City,2021-12
B-26232,"$5,219 ","$1,180 ",20,Office Supplies,Binders,COD,03-Feb-23,Jacqueline Harris,California,San Francisco,2023-02
B-25394,"$3,686 ",$760 ,20,Office Supplies,Pens,Debit Card,30-Oct-22,Tyler Park,California,San Francisco,2022-10
B-25394,"$3,686 ",$760 ,20,Office Supplies,Pens,Debit Card,15-Jan-22,Richard Wolfe,Ohio,Columbus,2022-01
B-26157,"$6,045 ","$1,606 ",4,Office Supplies,Paper,COD,14-Dec-23,Sierra Rios,Florida,Orlando,2023-12
B-26157,"$9,337 ",$554 ,11,Office Supplies,Pens,COD,14-Dec-23,Sierra Rios,Florida,Orlando,2023-12
B-25555,"$4,051 ","$1,848 ",12,Electronics,Phones,Credit Card,03-Jul-23,Jessica Richardson,California,San Diego,2023-07
B-25555,"$4,051 ","$1,848 ",12,Electronics,Phones,Credit Card,08-May-21,Kimberly Warren,Ohio,Cincinnati,2021-05
B-25555,"$5,011 ",$866 ,11,Furniture,Bookcases,Credit Card,03-Jul-23,Jessica Richardson,California,San Diego,2023-07
B-25555,"$5,011 ",$866 ,11,Furniture,Bookcases,Credit Card,08-May-21,Kimberly Warren,Ohio,Cincinnati,2021-05
B-26139,"$3,958 ",$630 ,15,Furniture,Sofas,EMI,07-Oct-22,Casey Garcia,Florida,Orlando,2022-10
B-26139,"$3,132 ",$963 ,1,Furniture,Tables,Debit Card,07-Oct-22,Casey Garcia,Florida,Orlando,2022-10
B-25032,"$7,784 ","$2,937 ",12,Office Supplies,Markers,UPI,06-Aug-24,Denise Hampton,California,San Francisco,2024-08
B-25032,"$5,591 ","$1,696 ",3,Office Supplies,Pens,COD,06-Aug-24,Denise Hampton,California,San Francisco,2024-08
B-25032,"$5,122 ","$2,413 ",12,Electronics,Electronic Games,COD,06-Aug-24,Denise Hampton,California,San Francisco,2024-08
B-25730,"$8,293 ","$2,632 ",8,Office Supplies,Binders,COD,05-Jan-22,Justin Rodriguez,Ohio,Cleveland,2022-01
B-25730,"$8,293 ","$2,632 ",8,Office Supplies,Binders,COD,17-Oct-20,Ms. Emily Baxter,New York,Rochester,2020-10
B-25730,"$8,293 ","$2,632 ",8,Office Supplies,Binders,COD,21-Aug-23,Austin White,California,Los Angeles,2023-08
B-25730,"$2,863 ",$205 ,17,Electronics,Phones,UPI,05-Jan-22,Justin Rodriguez,Ohio,Cleveland,2022-01
B-25730,"$2,863 ",$205 ,17,Electronics,Phones,UPI,17-Oct-20,Ms. Emily Baxter,New York,Rochester,2020-10
B-25730,"$2,863 ",$205 ,17,Electronics,Phones,UPI,21-Aug-23,Austin White,California,Los Angeles,2023-08
B-26470,"$3,090 ",$573 ,6,Furniture,Tables,EMI,27-Dec-24,Morgan Montes,California,San Diego,2024-12
B-26470,"$3,090 ",$573 ,6,Furniture,Tables,EMI,18-Jun-21,Christine Mosley,Ohio,Cincinnati,2021-06
B-26470,"$3,090 ",$573 ,6,Furniture,Tables,EMI,27-May-23,Ashley Rodriguez,Texas,Austin,2023-05
B-26470,"$3,090 ",$573 ,6,Furniture,Tables,EMI,12-Oct-21,Elizabeth King,Texas,Dallas,2021-10
B-26470,"$9,683 ","$1,014 ",5,Electronics,Printers,UPI,27-Dec-24,Morgan Montes,California,San Diego,2024-12
B-26470,"$9,683 ","$1,014 ",5,Electronics,Printers,UPI,18-Jun-21,Christine Mosley,Ohio,Cincinnati,2021-06
B-26470,"$9,683 ","$1,014 ",5,Electronics,Printers,UPI,27-May-23,Ashley Rodriguez,Texas,Austin,2023-05
B-26470,"$9,683 ","$1,014 ",5,Electronics,Printers,UPI,12-Oct-21,Elizabeth King,Texas,Dallas,2021-10
B-25988,"$2,463 ",$648 ,18,Furniture,Tables,EMI,19-Sep-22,Connie Holmes,Ohio,Cincinnati,2022-09
B-25568,"$7,811 ","$1,538 ",12,Furniture,Sofas,COD,25-Mar-22,Melissa Peck,Florida,Miami,2022-03
B-26730,"$6,139 ",$451 ,10,Furniture,Tables,Debit Card,26-Feb-22,David Smith,Florida,Orlando,2022-02
B-26730,"$6,139 ",$451 ,10,Furniture,Tables,Debit Card,05-Apr-21,Jacqueline Harris,Texas,Houston,2021-04
B-26730,"$8,636 ","$3,192 ",3,Furniture,Chairs,COD,26-Feb-22,David Smith,Florida,Orlando,2022-02
B-26730,"$8,636 ","$3,192 ",3,Furniture,Chairs,COD,05-Apr-21,Jacqueline Harris,Texas,Houston,2021-04
B-26730,"$4,439 ","$1,712 ",19,Furniture,Sofas,Credit Card,26-Feb-22,David Smith,Florida,Orlando,2022-02
B-26730,"$4,439 ","$1,712 ",19,Furniture,Sofas,Credit Card,05-Apr-21,Jacqueline Harris,Texas,Houston,2021-04
B-25372,"$1,016 ",$172 ,20,Furniture,Tables,Debit Card,16-Nov-20,Heather Jenkins,New York,Buffalo,2020-11
B-25372,"$5,768 ","$2,059 ",14,Furniture,Tables,UPI,16-Nov-20,Heather Jenkins,New York,Buffalo,2020-11
B-25372,"$1,217 ",$151 ,3,Furniture,Tables,Credit Card,16-Nov-20,Heather Jenkins,New York,Buffalo,2020-11
B-26026,$953 ,$93 ,2,Office Supplies,Paper,Debit Card,12-Dec-24,Kelsey Castaneda,Ohio,Cleveland,2024-12
B-26026,$953 ,$93 ,2,Office Supplies,Paper,Debit Card,06-Apr-23,Katherine Harris,California,Los Angeles,2023-04
B-26026,"$7,355 ","$1,034 ",3,Furniture,Sofas,COD,12-Dec-24,Kelsey Castaneda,Ohio,Cleveland,2024-12
B-26026,"$7,355 ","$1,034 ",3,Furniture,Sofas,COD,06-Apr-23,Katherine Harris,California,Los Angeles,2023-04
B-26026,"$1,843 ",$248 ,3,Electronics,Phones,Credit Card,12-Dec-24,Kelsey Castaneda,Ohio,Cleveland,2024-12
B-26026,"$1,843 ",$248 ,3,Electronics,Phones,Credit Card,06-Apr-23,Katherine Harris,California,Los Angeles,2023-04
B-26026,"$1,603 ",$361 ,10,Office Supplies,Pens,Debit Card,12-Dec-24,Kelsey Castaneda,Ohio,Cleveland,2024-12
B-26026,"$1,603 ",$361 ,10,Office Supplies,Pens,Debit Card,06-Apr-23,Katherine Harris,California,Los Angeles,2023-04
B-25295,"$2,025 ",$528 ,1,Office Supplies,Pens,Credit Card,28-Jan-24,Paul Rogers,Florida,Miami,2024-01
B-25295,"$6,800 ",$167 ,16,Office Supplies,Binders,EMI,28-Jan-24,Paul Rogers,Florida,Miami,2024-01
B-26121,"$1,126 ",$55 ,1,Furniture,Bookcases,UPI,16-Jan-22,Jon Banks,Florida,Tampa,2022-01
B-26121,"$1,126 ",$55 ,1,Furniture,Bookcases,UPI,16-Dec-22,Michelle Williams,New York,Buffalo,2022-12
B-25560,"$7,533 ","$3,508 ",12,Furniture,Tables,UPI,13-Jul-23,Andrew Allen,California,San Diego,2023-07
B-25560,"$4,734 ","$1,178 ",16,Office Supplies,Binders,Credit Card,13-Jul-23,Andrew Allen,California,San Diego,2023-07
B-25560,"$4,074 ","$1,175 ",6,Electronics,Electronic Games,Debit Card,13-Jul-23,Andrew Allen,California,San Diego,2023-07
B-25560,"$2,334 ",$484 ,3,Furniture,Sofas,Credit Card,13-Jul-23,Andrew Allen,California,San Diego,2023-07
B-26076,"$2,750 ","$1,239 ",11,Electronics,Phones,Debit Card,10-Mar-25,Vanessa Bauer,New York,Buffalo,2025-03
B-26076,"$2,750 ","$1,239 ",11,Electronics,Phones,Debit Card,24-Sep-24,Sean Smith,Ohio,Cleveland,2024-09
B-26076,"$8,639 ","$3,104 ",19,Office Supplies,Pens,EMI,10-Mar-25,Vanessa Bauer,New York,Buffalo,2025-03
B-26076,"$8,639 ","$3,104 ",19,Office Supplies,Pens,EMI,24-Sep-24,Sean Smith,Ohio,Cleveland,2024-09
B-25872,"$3,808 ","$1,192 ",4,Office Supplies,Markers,UPI,13-Apr-20,Shelly Sweeney,New York,New York City,2020-04
B-25872,"$2,588 ",$705 ,16,Office Supplies,Pens,Credit Card,13-Apr-20,Shelly Sweeney,New York,New York City,2020-04
B-26185,"$1,591 ",$727 ,5,Electronics,Electronic Games,Credit Card,27-Jun-22,Emily Gill,Illinois,Springfield,2022-06
B-26185,"$1,591 ",$727 ,5,Electronics,Electronic Games,Credit Card,14-Mar-21,Brian Patrick,Florida,Tampa,2021-03
B-26185,"$1,591 ",$727 ,5,Electronics,Electronic Games,Credit Card,23-Feb-22,Dr. Sarah Booth,Ohio,Cincinnati,2022-02
B-26259,"$1,757 ",$622 ,10,Furniture,Chairs,UPI,29-Mar-22,Douglas Mcfarland,Ohio,Cleveland,2022-03
B-26259,"$1,757 ",$622 ,10,Furniture,Chairs,UPI,20-Nov-22,Kayla Ross,Illinois,Peoria,2022-11
B-25142,"$6,940 ",$253 ,15,Furniture,Bookcases,Debit Card,12-Nov-21,Marc Strickland,Florida,Orlando,2021-11
B-25142,"$5,105 ",$465 ,5,Electronics,Printers,UPI,12-Nov-21,Marc Strickland,Florida,Orlando,2021-11
B-25326,"$5,578 ",$277 ,16,Furniture,Tables,COD,17-Aug-21,Charlene Brown,Florida,Miami,2021-08
B-25326,"$5,578 ",$277 ,16,Furniture,Tables,COD,16-May-22,Charles Smith,Ohio,Columbus,2022-05
B-26795,"$5,224 ","$1,958 ",16,Furniture,Chairs,Credit Card,16-Jul-23,Karen Townsend,Texas,Houston,2023-07
B-26795,"$5,002 ","$1,801 ",11,Office Supplies,Markers,Credit Card,16-Jul-23,Karen Townsend,Texas,Houston,2023-07
B-26795,"$7,380 ","$1,673 ",18,Office Supplies,Markers,COD,16-Jul-23,Karen Townsend,Texas,Houston,2023-07
B-25660,"$7,595 ","$2,873 ",4,Furniture,Chairs,Debit Card,18-Aug-20,Steven Cox,California,Los Angeles,2020-08
B-25660,"$7,595 ","$2,873 ",4,Furniture,Chairs,Debit Card,19-Apr-22,Cynthia Rodriguez,New York,Rochester,2022-04
B-25410,"$1,954 ",$294 ,7,Furniture,Sofas,Debit Card,23-Dec-22,Jessica Baker,Texas,Austin,2022-12
B-25690,$523 ,$95 ,20,Electronics,Printers,EMI,07-Dec-24,Mark Blackburn,Texas,Dallas,2024-12
B-26464,"$5,704 ",$714 ,13,Electronics,Laptops,EMI,03-Feb-22,Zachary Perez,Texas,Austin,2022-02
B-26464,"$5,704 ",$714 ,13,Electronics,Laptops,EMI,12-Dec-21,Brian Green,California,San Diego,2021-12
B-26464,"$8,797 ","$1,010 ",8,Furniture,Tables,UPI,03-Feb-22,Zachary Perez,Texas,Austin,2022-02
B-26464,"$8,797 ","$1,010 ",8,Furniture,Tables,UPI,12-Dec-21,Brian Green,California,San Diego,2021-12
B-26464,"$9,236 ","$2,899 ",5,Electronics,Laptops,Debit Card,03-Feb-22,Zachary Perez,Texas,Austin,2022-02
B-26464,"$9,236 ","$2,899 ",5,Electronics,Laptops,Debit Card,12-Dec-21,Brian Green,California,San Diego,2021-12
B-26454,"$9,109 ",$586 ,17,Furniture,Sofas,EMI,17-May-20,Becky Leach,Florida,Miami,2020-05
B-26742,"$4,358 ",$526 ,19,Electronics,Phones,Credit Card,05-Dec-22,Bryan Russell,Texas,Dallas,2022-12
B-26742,"$4,358 ",$526 ,19,Electronics,Phones,Credit Card,17-Sep-24,Tony Maddox,California,San Francisco,2024-09
B-26742,"$6,459 ",$825 ,8,Electronics,Phones,Credit Card,05-Dec-22,Bryan Russell,Texas,Dallas,2022-12
B-26742,"$6,459 ",$825 ,8,Electronics,Phones,Credit Card,17-Sep-24,Tony Maddox,California,San Francisco,2024-09
B-25510,"$2,478 ",$92 ,12,Furniture,Bookcases,COD,08-May-23,Jason Randolph,California,San Francisco,2023-05
B-25510,"$2,478 ",$92 ,12,Furniture,Bookcases,COD,03-Mar-21,Laura Andrews,New York,New York City,2021-03
B-25510,"$2,478 ",$92 ,12,Furniture,Bookcases,COD,18-Mar-21,Mrs. Stephanie Hooper,California,San Francisco,2021-03
B-25510,"$2,478 ",$92 ,12,Furniture,Bookcases,COD,24-Apr-23,Anthony Evans,Ohio,Cleveland,2023-04
B-25936,"$9,992 ","$3,696 ",20,Office Supplies,Pens,Debit Card,09-Oct-21,Patrick Williams,New York,Rochester,2021-10
B-25936,"$9,992 ","$3,696 ",20,Office Supplies,Pens,Debit Card,15-Apr-22,Susan Burke,Texas,Austin,2022-04
B-25936,"$9,992 ","$3,696 ",20,Office Supplies,Pens,Debit Card,29-Aug-22,Brent Hernandez,New York,Rochester,2022-08
B-25936,"$9,619 ","$3,420 ",7,Office Supplies,Binders,UPI,09-Oct-21,Patrick Williams,New York,Rochester,2021-10
B-25936,"$9,619 ","$3,420 ",7,Office Supplies,Binders,UPI,15-Apr-22,Susan Burke,Texas,Austin,2022-04
B-25936,"$9,619 ","$3,420 ",7,Office Supplies,Binders,UPI,29-Aug-22,Brent Hernandez,New York,Rochester,2022-08
B-25884,"$9,538 ","$3,158 ",20,Electronics,Printers,Credit Card,04-Sep-24,Sean Elliott,California,San Francisco,2024-09
B-25884,"$9,538 ","$3,158 ",20,Electronics,Printers,Credit Card,18-May-21,Wanda West,Ohio,Cleveland,2021-05
B-25884,"$9,035 ","$1,227 ",14,Furniture,Chairs,EMI,04-Sep-24,Sean Elliott,California,San Francisco,2024-09
B-25884,"$9,035 ","$1,227 ",14,Furniture,Chairs,EMI,18-May-21,Wanda West,Ohio,Cleveland,2021-05
B-26287,"$2,684 ",$670 ,2,Office Supplies,Paper,COD,02-Jul-24,Renee Solomon,Florida,Tampa,2024-07
B-26287,$822 ,$147 ,5,Furniture,Sofas,Credit Card,02-Jul-24,Renee Solomon,Florida,Tampa,2024-07
B-26287,"$9,730 ","$2,341 ",2,Furniture,Chairs,EMI,02-Jul-24,Renee Solomon,Florida,Tampa,2024-07
B-26287,"$2,483 ",$236 ,2,Electronics,Electronic Games,COD,02-Jul-24,Renee Solomon,Florida,Tampa,2024-07
B-26564,"$1,297 ",$600 ,7,Office Supplies,Binders,Credit Card,16-Feb-24,Daryl Miles,Florida,Orlando,2024-02
B-26564,"$7,909 ","$1,942 ",19,Electronics,Phones,COD,16-Feb-24,Daryl Miles,Florida,Orlando,2024-02
B-26293,"$9,768 ","$4,518 ",8,Furniture,Tables,Credit Card,26-Nov-21,Michael Hunt,Texas,Dallas,2021-11
B-26293,"$4,968 ",$934 ,5,Furniture,Sofas,Debit Card,26-Nov-21,Michael Hunt,Texas,Dallas,2021-11
B-26293,"$1,731 ",$149 ,4,Electronics,Laptops,EMI,26-Nov-21,Michael Hunt,Texas,Dallas,2021-11
B-25915,"$3,433 ","$1,169 ",10,Office Supplies,Binders,COD,01-Feb-24,Adam Clark,California,San Francisco,2024-02
B-25915,"$3,433 ","$1,169 ",10,Office Supplies,Binders,COD,09-Sep-21,Amy Olsen,Illinois,Springfield,2021-09
B-25915,"$3,433 ","$1,169 ",10,Office Supplies,Binders,COD,08-Sep-21,Stacey Miller,California,San Diego,2021-09
B-25915,"$3,887 ","$1,490 ",1,Office Supplies,Binders,Debit Card,01-Feb-24,Adam Clark,California,San Francisco,2024-02
B-25915,"$3,887 ","$1,490 ",1,Office Supplies,Binders,Debit Card,09-Sep-21,Amy Olsen,Illinois,Springfield,2021-09
B-25915,"$3,887 ","$1,490 ",1,Office Supplies,Binders,Debit Card,08-Sep-21,Stacey Miller,California,San Diego,2021-09
B-26496,"$1,801 ",$641 ,20,Office Supplies,Markers,Credit Card,09-Jul-24,Daniel Mosley,California,Los Angeles,2024-07
B-26496,"$5,301 ",$817 ,10,Furniture,Tables,Debit Card,09-Jul-24,Daniel Mosley,California,Los Angeles,2024-07
B-26496,"$1,166 ",$520 ,12,Office Supplies,Paper,Debit Card,09-Jul-24,Daniel Mosley,California,Los Angeles,2024-07
B-26496,"$3,196 ","$1,411 ",15,Office Supplies,Paper,Debit Card,09-Jul-24,Daniel Mosley,California,Los Angeles,2024-07
B-25856,"$3,428 ",$350 ,1,Furniture,Chairs,Credit Card,28-Feb-23,Monica Gibson,Illinois,Springfield,2023-02
B-25856,"$7,223 ","$2,433 ",12,Office Supplies,Binders,Credit Card,28-Feb-23,Monica Gibson,Illinois,Springfield,2023-02
B-25856,"$3,731 ",$647 ,1,Office Supplies,Pens,Credit Card,28-Feb-23,Monica Gibson,Illinois,Springfield,2023-02
B-26899,"$8,903 ","$4,401 ",18,Office Supplies,Pens,Credit Card,08-Aug-22,Christopher Jordan,Ohio,Columbus,2022-08
B-25916,"$6,009 ","$2,107 ",7,Electronics,Phones,UPI,07-Dec-22,Christina Davis,Illinois,Chicago,2022-12
B-25916,"$6,009 ","$2,107 ",7,Electronics,Phones,UPI,29-Apr-24,Claudia Curry,Texas,Austin,2024-04
B-25916,"$2,858 ",$230 ,3,Furniture,Tables,Credit Card,07-Dec-22,Christina Davis,Illinois,Chicago,2022-12
B-25916,"$2,858 ",$230 ,3,Furniture,Tables,Credit Card,29-Apr-24,Claudia Curry,Texas,Austin,2024-04
B-25916,"$8,175 ",$525 ,7,Furniture,Sofas,Credit Card,07-Dec-22,Christina Davis,Illinois,Chicago,2022-12
B-25916,"$8,175 ",$525 ,7,Furniture,Sofas,Credit Card,29-Apr-24,Claudia Curry,Texas,Austin,2024-04
B-25916,"$5,846 ",$586 ,18,Furniture,Sofas,UPI,07-Dec-22,Christina Davis,Illinois,Chicago,2022-12
B-25916,"$5,846 ",$586 ,18,Furniture,Sofas,UPI,29-Apr-24,Claudia Curry,Texas,Austin,2024-04
B-26428,$706 ,$197 ,11,Electronics,Laptops,Credit Card,02-Jan-22,Brandon Anderson,Texas,Austin,2022-01
B-26332,"$9,835 ","$2,571 ",16,Furniture,Tables,COD,10-Jun-22,George Foster,Texas,Dallas,2022-06
B-26332,"$9,835 ","$2,571 ",16,Furniture,Tables,COD,16-Nov-21,Nicholas Anderson,Florida,Orlando,2021-11
B-26332,"$9,835 ","$2,571 ",16,Furniture,Tables,COD,17-Aug-22,Emily Ellison,California,Los Angeles,2022-08
B-26332,"$9,691 ","$3,056 ",13,Office Supplies,Markers,Credit Card,10-Jun-22,George Foster,Texas,Dallas,2022-06
B-26332,"$9,691 ","$3,056 ",13,Office Supplies,Markers,Credit Card,16-Nov-21,Nicholas Anderson,Florida,Orlando,2021-11
B-26332,"$9,691 ","$3,056 ",13,Office Supplies,Markers,Credit Card,17-Aug-22,Emily Ellison,California,Los Angeles,2022-08
B-26332,"$7,826 ","$1,221 ",14,Furniture,Bookcases,UPI,10-Jun-22,George Foster,Texas,Dallas,2022-06
B-26332,"$7,826 ","$1,221 ",14,Furniture,Bookcases,UPI,16-Nov-21,Nicholas Anderson,Florida,Orlando,2021-11
B-26332,"$7,826 ","$1,221 ",14,Furniture,Bookcases,UPI,17-Aug-22,Emily Ellison,California,Los Angeles,2022-08
B-25303,$770 ,$241 ,11,Furniture,Sofas,COD,23-Nov-21,Darren Perez,Texas,Austin,2021-11
B-25303,$770 ,$241 ,11,Furniture,Sofas,COD,04-Mar-23,Michelle Hunter,Ohio,Cincinnati,2023-03
B-26507,"$9,895 ","$1,598 ",20,Furniture,Bookcases,COD,16-Dec-23,Janet Guerrero,New York,Rochester,2023-12
B-25983,"$6,517 ","$1,581 ",10,Office Supplies,Paper,Debit Card,19-May-24,Jeffrey Kline,Florida,Miami,2024-05
B-25983,"$6,517 ","$1,581 ",10,Office Supplies,Paper,Debit Card,14-May-20,Ryan Bullock,Florida,Tampa,2020-05
B-25983,"$1,166 ",$349 ,11,Furniture,Tables,Credit Card,19-May-24,Jeffrey Kline,Florida,Miami,2024-05
B-25983,"$1,166 ",$349 ,11,Furniture,Tables,Credit Card,14-May-20,Ryan Bullock,Florida,Tampa,2020-05
B-25156,"$9,820 ",$793 ,16,Furniture,Chairs,Credit Card,29-Aug-21,Tom Lawson,New York,Buffalo,2021-08
B-26759,"$8,563 ","$2,624 ",8,Office Supplies,Binders,COD,10-Nov-24,Rebecca Smith,Texas,Dallas,2024-11
B-26759,"$4,441 ",$281 ,20,Electronics,Printers,COD,10-Nov-24,Rebecca Smith,Texas,Dallas,2024-11
B-26244,"$7,340 ","$2,271 ",8,Office Supplies,Paper,EMI,05-Dec-21,William Welch,Florida,Orlando,2021-12
B-26244,"$5,442 ","$1,610 ",1,Electronics,Phones,EMI,05-Dec-21,William Welch,Florida,Orlando,2021-12
B-26365,"$1,895 ",$391 ,14,Furniture,Tables,UPI,05-Jul-24,Mr. Curtis Bailey,Florida,Tampa,2024-07
B-26365,"$5,323 ",$322 ,13,Office Supplies,Binders,COD,05-Jul-24,Mr. Curtis Bailey,Florida,Tampa,2024-07
B-26212,"$8,850 ",$279 ,13,Office Supplies,Markers,Debit Card,25-Jun-24,Janet Carlson,Florida,Miami,2024-06
B-26212,"$8,667 ","$1,266 ",6,Office Supplies,Paper,Debit Card,25-Jun-24,Janet Carlson,Florida,Miami,2024-06
B-25042,"$6,903 ",$105 ,1,Furniture,Tables,COD,31-May-24,Spencer Spears,Illinois,Chicago,2024-05
B-25042,"$8,793 ","$3,010 ",7,Office Supplies,Pens,COD,31-May-24,Spencer Spears,Illinois,Chicago,2024-05
B-25901,"$9,883 ","$4,812 ",16,Office Supplies,Paper,UPI,20-Oct-20,Jeffrey Middleton,New York,Buffalo,2020-10
B-25901,"$9,883 ","$4,812 ",16,Office Supplies,Paper,UPI,11-Aug-22,Veronica Kelley,Florida,Orlando,2022-08
B-25901,"$9,883 ","$4,812 ",16,Office Supplies,Paper,UPI,17-Oct-21,Leslie Bean,Illinois,Springfield,2021-10
B-25901,"$5,210 ","$1,185 ",7,Office Supplies,Paper,UPI,20-Oct-20,Jeffrey Middleton,New York,Buffalo,2020-10
B-25901,"$5,210 ","$1,185 ",7,Office Supplies,Paper,UPI,11-Aug-22,Veronica Kelley,Florida,Orlando,2022-08
B-25901,"$5,210 ","$1,185 ",7,Office Supplies,Paper,UPI,17-Oct-21,Leslie Bean,Illinois,Springfield,2021-10
B-26747,"$3,574 ",$851 ,4,Electronics,Printers,Credit Card,23-Feb-22,Amy Wilson,California,Los Angeles,2022-02
B-26747,$576 ,$76 ,13,Furniture,Sofas,UPI,23-Feb-22,Amy Wilson,California,Los Angeles,2022-02
B-26698,"$1,860 ",$457 ,13,Electronics,Printers,EMI,20-Sep-23,Susan Ramirez,Ohio,Cleveland,2023-09
B-25841,$782 ,$374 ,8,Office Supplies,Pens,EMI,19-Jan-21,Jacob Meyer,Illinois,Peoria,2021-01
B-25841,"$4,371 ","$1,852 ",1,Electronics,Laptops,UPI,19-Jan-21,Jacob Meyer,Illinois,Peoria,2021-01
B-26032,"$8,346 ","$1,176 ",1,Electronics,Phones,COD,21-Aug-20,Scott Lewis,Texas,Houston,2020-08
B-26032,"$8,346 ","$1,176 ",1,Electronics,Phones,COD,17-Apr-23,Eric Griffith,Illinois,Chicago,2023-04
B-26032,"$8,346 ","$1,176 ",1,Electronics,Phones,COD,24-Dec-23,Anna Ferguson,California,San Francisco,2023-12
B-26032,"$6,218 ","$1,125 ",5,Furniture,Tables,Debit Card,21-Aug-20,Scott Lewis,Texas,Houston,2020-08
B-26032,"$6,218 ","$1,125 ",5,Furniture,Tables,Debit Card,17-Apr-23,Eric Griffith,Illinois,Chicago,2023-04
B-26032,"$6,218 ","$1,125 ",5,Furniture,Tables,Debit Card,24-Dec-23,Anna Ferguson,California,San Francisco,2023-12
B-26032,"$5,167 ",$253 ,14,Electronics,Printers,Credit Card,21-Aug-20,Scott Lewis,Texas,Houston,2020-08
B-26032,"$5,167 ",$253 ,14,Electronics,Printers,Credit Card,17-Apr-23,Eric Griffith,Illinois,Chicago,2023-04
B-26032,"$5,167 ",$253 ,14,Electronics,Printers,Credit Card,24-Dec-23,Anna Ferguson,California,San Francisco,2023-12
B-26032,"$2,799 ","$1,239 ",5,Furniture,Sofas,Debit Card,21-Aug-20,Scott Lewis,Texas,Houston,2020-08
B-26032,"$2,799 ","$1,239 ",5,Furniture,Sofas,Debit Card,17-Apr-23,Eric Griffith,Illinois,Chicago,2023-04
B-26032,"$2,799 ","$1,239 ",5,Furniture,Sofas,Debit Card,24-Dec-23,Anna Ferguson,California,San Francisco,2023-12
B-25171,"$3,234 ","$1,029 ",20,Office Supplies,Markers,Credit Card,20-Mar-22,David Figueroa,Florida,Miami,2022-03
B-26939,"$4,920 ",$775 ,12,Furniture,Tables,Debit Card,12-Aug-21,Theresa Medina,Illinois,Springfield,2021-08
B-26939,"$9,078 ","$2,213 ",15,Furniture,Bookcases,EMI,12-Aug-21,Theresa Medina,Illinois,Springfield,2021-08
B-26347,"$8,586 ","$3,826 ",7,Furniture,Bookcases,UPI,21-Dec-20,Mary Smith,Florida,Miami,2020-12
B-26347,"$8,586 ","$3,826 ",7,Furniture,Bookcases,UPI,07-Jul-23,Lance Cain,Florida,Tampa,2023-07
B-25388,"$5,047 ","$2,211 ",13,Furniture,Sofas,EMI,13-Aug-23,Alexandra Moran,California,San Francisco,2023-08
B-25388,"$5,047 ","$2,211 ",13,Furniture,Sofas,EMI,04-Feb-21,Sara Castro,Illinois,Chicago,2021-02
B-25388,"$5,047 ","$2,211 ",13,Furniture,Sofas,EMI,16-Sep-22,Shawn Leach,Illinois,Peoria,2022-09
B-25388,"$5,047 ","$2,211 ",13,Furniture,Sofas,EMI,06-May-22,Mark Boyle,New York,Buffalo,2022-05
B-26419,"$3,657 ",$163 ,1,Furniture,Sofas,UPI,28-May-21,John Stevens,California,San Francisco,2021-05
B-25157,"$6,471 ","$2,842 ",18,Electronics,Electronic Games,UPI,18-Jul-24,Lisa Graham,Illinois,Peoria,2024-07
B-25342,$949 ,$301 ,9,Office Supplies,Binders,UPI,06-Dec-24,Nancy Jones,Ohio,Cleveland,2024-12
B-25342,"$6,823 ",$771 ,6,Office Supplies,Binders,EMI,06-Dec-24,Nancy Jones,Ohio,Cleveland,2024-12
B-25342,"$4,364 ",$831 ,2,Furniture,Tables,EMI,06-Dec-24,Nancy Jones,Ohio,Cleveland,2024-12
B-26165,"$6,671 ","$2,797 ",10,Electronics,Phones,UPI,12-Dec-22,Darryl Robbins,Illinois,Peoria,2022-12
B-26571,"$7,472 ","$1,037 ",3,Office Supplies,Paper,COD,20-Oct-22,Kimberly Smith,Illinois,Springfield,2022-10
B-26571,"$9,548 ","$1,806 ",9,Electronics,Printers,COD,20-Oct-22,Kimberly Smith,Illinois,Springfield,2022-10
B-25400,"$7,759 ","$3,741 ",17,Electronics,Printers,UPI,24-Mar-21,Maria Thomas,Florida,Miami,2021-03
B-25400,"$7,759 ","$3,741 ",17,Electronics,Printers,UPI,06-Jan-25,Nicholas Johnson,Texas,Dallas,2025-01
B-25400,"$7,521 ","$3,457 ",16,Office Supplies,Markers,Debit Card,24-Mar-21,Maria Thomas,Florida,Miami,2021-03
B-25400,"$7,521 ","$3,457 ",16,Office Supplies,Markers,Debit Card,06-Jan-25,Nicholas Johnson,Texas,Dallas,2025-01
B-25885,"$9,704 ","$4,339 ",12,Office Supplies,Pens,COD,06-Mar-21,Dawn Howard,Texas,Houston,2021-03
B-25885,"$4,948 ","$2,356 ",18,Electronics,Printers,Debit Card,06-Mar-21,Dawn Howard,Texas,Houston,2021-03
B-25885,"$6,435 ",$334 ,10,Electronics,Electronic Games,Debit Card,06-Mar-21,Dawn Howard,Texas,Houston,2021-03
B-25004,"$9,965 ","$3,033 ",16,Office Supplies,Markers,COD,17-Jun-20,Jennifer Marshall,California,San Francisco,2020-06
B-25004,"$9,965 ","$3,033 ",16,Office Supplies,Markers,COD,01-Sep-23,Frank Garcia,New York,Buffalo,2023-09
B-26213,"$1,523 ",$234 ,3,Furniture,Sofas,UPI,08-Jun-23,Terri Madden,New York,Rochester,2023-06
B-26213,"$9,073 ",$424 ,7,Electronics,Electronic Games,Debit Card,08-Jun-23,Terri Madden,New York,Rochester,2023-06
B-25025,"$6,447 ","$3,079 ",20,Electronics,Laptops,COD,25-Mar-21,James Gutierrez,New York,Rochester,2021-03
B-25025,"$8,947 ","$2,807 ",6,Electronics,Electronic Games,Credit Card,25-Mar-21,James Gutierrez,New York,Rochester,2021-03
B-26804,$914 ,$400 ,8,Office Supplies,Pens,Debit Card,03-Jan-21,Morgan Sellers,California,Los Angeles,2021-01
B-26804,"$1,548 ",$666 ,3,Office Supplies,Paper,Credit Card,03-Jan-21,Morgan Sellers,California,Los Angeles,2021-01
B-26797,"$2,759 ","$1,149 ",6,Furniture,Tables,Credit Card,27-Dec-24,Caitlin Thomas,New York,New York City,2024-12
B-26556,"$1,341 ",$615 ,4,Electronics,Laptops,UPI,12-Aug-22,Kimberly Greene,Florida,Orlando,2022-08
B-25861,"$9,851 ","$2,669 ",19,Electronics,Electronic Games,Debit Card,28-Mar-22,Tammy Anthony,Ohio,Cleveland,2022-03
B-25861,"$9,851 ","$2,669 ",19,Electronics,Electronic Games,Debit Card,15-Jul-23,Jennifer Chase,New York,Buffalo,2023-07
B-25861,"$9,851 ","$2,669 ",19,Electronics,Electronic Games,Debit Card,22-Sep-22,Cassandra Farley,Florida,Orlando,2022-09
B-25861,"$9,989 ","$3,930 ",14,Furniture,Tables,Debit Card,28-Mar-22,Tammy Anthony,Ohio,Cleveland,2022-03
B-25861,"$9,989 ","$3,930 ",14,Furniture,Tables,Debit Card,15-Jul-23,Jennifer Chase,New York,Buffalo,2023-07
B-25861,"$9,989 ","$3,930 ",14,Furniture,Tables,Debit Card,22-Sep-22,Cassandra Farley,Florida,Orlando,2022-09
B-25112,"$7,421 ",$958 ,10,Furniture,Tables,COD,20-Dec-22,Justin Vasquez,Texas,Houston,2022-12
B-25112,"$7,421 ",$958 ,10,Furniture,Tables,COD,16-Jan-22,Melissa Morales,Texas,Houston,2022-01
B-25112,"$7,421 ",$958 ,10,Furniture,Tables,COD,29-Jan-23,Tyler Thompson,Texas,Dallas,2023-01
B-25223,"$3,099 ",$479 ,1,Office Supplies,Paper,COD,15-Jan-22,Heidi Davis,New York,Buffalo,2022-01
B-25223,"$2,521 ",$906 ,7,Electronics,Phones,COD,15-Jan-22,Heidi Davis,New York,Buffalo,2022-01
B-25714,"$6,962 ","$3,429 ",12,Electronics,Electronic Games,UPI,24-Mar-24,Charles Lane,Texas,Dallas,2024-03
B-25714,"$6,962 ","$3,429 ",12,Electronics,Electronic Games,UPI,19-Feb-25,Joyce Good MD,Florida,Miami,2025-02
B-26607,"$1,085 ",$301 ,20,Furniture,Bookcases,UPI,13-Jul-24,Maria Miller,New York,Buffalo,2024-07
B-25038,$738 ,$342 ,2,Furniture,Chairs,Debit Card,28-Apr-23,Terry Mcdaniel,Ohio,Cincinnati,2023-04
B-25038,$738 ,$342 ,2,Furniture,Chairs,Debit Card,05-Dec-20,Lisa Jacobs,New York,Buffalo,2020-12
B-25038,$738 ,$342 ,2,Furniture,Chairs,Debit Card,14-May-24,Jeff Duncan,Ohio,Cincinnati,2024-05
B-25038,$738 ,$342 ,2,Furniture,Chairs,Debit Card,18-Jan-22,Pamela Jones,New York,New York City,2022-01
B-26672,"$1,366 ",$242 ,17,Electronics,Electronic Games,EMI,18-Sep-23,Renee Robinson,Ohio,Columbus,2023-09
B-26672,"$1,518 ",$155 ,13,Office Supplies,Markers,Credit Card,18-Sep-23,Renee Robinson,Ohio,Columbus,2023-09
B-25747,"$2,962 ","$1,470 ",1,Electronics,Phones,COD,12-May-21,Jessica Kidd,New York,Buffalo,2021-05
B-25747,"$2,962 ","$1,470 ",1,Electronics,Phones,COD,17-Sep-23,Nicholas Martin,Florida,Tampa,2023-09
B-25747,"$7,131 ",$718 ,12,Electronics,Printers,UPI,12-May-21,Jessica Kidd,New York,Buffalo,2021-05
B-25747,"$7,131 ",$718 ,12,Electronics,Printers,UPI,17-Sep-23,Nicholas Martin,Florida,Tampa,2023-09
B-25747,"$4,200 ",$855 ,10,Office Supplies,Markers,EMI,12-May-21,Jessica Kidd,New York,Buffalo,2021-05
B-25747,"$4,200 ",$855 ,10,Office Supplies,Markers,EMI,17-Sep-23,Nicholas Martin,Florida,Tampa,2023-09
B-26322,"$5,934 ","$1,563 ",2,Office Supplies,Markers,EMI,06-Sep-24,David Brown,Illinois,Peoria,2024-09
B-26613,"$2,701 ",$322 ,11,Electronics,Printers,UPI,18-Jun-22,Amber Moore,New York,New York City,2022-06
B-26613,"$7,273 ","$2,702 ",18,Office Supplies,Paper,COD,18-Jun-22,Amber Moore,New York,New York City,2022-06
B-25413,"$2,465 ",$699 ,18,Office Supplies,Markers,Debit Card,22-May-20,James Williams,California,San Francisco,2020-05
B-26466,"$3,479 ","$1,087 ",2,Office Supplies,Markers,EMI,17-Oct-24,Karina Barr,Texas,Dallas,2024-10
B-26466,"$5,457 ","$1,765 ",7,Electronics,Printers,EMI,17-Oct-24,Karina Barr,Texas,Dallas,2024-10
B-26610,"$4,957 ","$1,152 ",8,Office Supplies,Markers,Credit Card,22-Mar-22,Meghan Rush,Ohio,Cleveland,2022-03
B-26209,"$4,404 ",$858 ,17,Office Supplies,Pens,Debit Card,17-Mar-24,Bianca Brown,Ohio,Columbus,2024-03
B-26209,"$8,776 ","$2,529 ",15,Furniture,Sofas,Credit Card,17-Mar-24,Bianca Brown,Ohio,Columbus,2024-03
B-26622,"$9,536 ","$1,437 ",9,Electronics,Phones,UPI,02-Apr-20,Timothy Jensen,Florida,Orlando,2020-04
B-26622,"$2,225 ",$589 ,7,Furniture,Sofas,Credit Card,02-Apr-20,Timothy Jensen,Florida,Orlando,2020-04
B-26601,"$9,574 ","$4,045 ",19,Furniture,Bookcases,UPI,13-Mar-24,Melinda Montoya,California,San Francisco,2024-03
B-26601,"$4,382 ",$482 ,17,Electronics,Electronic Games,COD,13-Mar-24,Melinda Montoya,California,San Francisco,2024-03
B-25894,"$8,200 ",$257 ,19,Electronics,Laptops,COD,21-Mar-23,Tammy Bell,Ohio,Cincinnati,2023-03
B-25894,"$9,316 ","$3,003 ",13,Furniture,Sofas,Credit Card,21-Mar-23,Tammy Bell,Ohio,Cincinnati,2023-03
B-25894,"$6,379 ","$3,128 ",15,Electronics,Electronic Games,COD,21-Mar-23,Tammy Bell,Ohio,Cincinnati,2023-03
B-26969,"$3,348 ",$568 ,5,Office Supplies,Markers,Credit Card,02-Mar-24,Connie Richards,Ohio,Cleveland,2024-03
B-26969,"$3,348 ",$568 ,5,Office Supplies,Markers,Credit Card,30-Apr-21,Peter Ward,New York,Rochester,2021-04
B-26969,"$8,856 ","$2,020 ",9,Office Supplies,Pens,Debit Card,02-Mar-24,Connie Richards,Ohio,Cleveland,2024-03
B-26969,"$8,856 ","$2,020 ",9,Office Supplies,Pens,Debit Card,30-Apr-21,Peter Ward,New York,Rochester,2021-04
B-26312,"$1,760 ",$619 ,16,Furniture,Sofas,Debit Card,15-Sep-21,Jonathan Alvarez,Ohio,Columbus,2021-09
B-26312,"$1,760 ",$619 ,16,Furniture,Sofas,Debit Card,28-Jan-23,Becky Hodges,Texas,Houston,2023-01
B-26312,"$6,351 ",$986 ,15,Electronics,Printers,UPI,15-Sep-21,Jonathan Alvarez,Ohio,Columbus,2021-09
B-26312,"$6,351 ",$986 ,15,Electronics,Printers,UPI,28-Jan-23,Becky Hodges,Texas,Houston,2023-01
B-26837,$869 ,$373 ,14,Office Supplies,Paper,Credit Card,08-Jul-21,Larry Hill,New York,New York City,2021-07
B-26837,$869 ,$373 ,14,Office Supplies,Paper,Credit Card,08-Apr-20,Amber Moon,Ohio,Cleveland,2020-04
B-26837,"$1,486 ",$114 ,7,Furniture,Bookcases,UPI,08-Jul-21,Larry Hill,New York,New York City,2021-07
B-26837,"$1,486 ",$114 ,7,Furniture,Bookcases,UPI,08-Apr-20,Amber Moon,Ohio,Cleveland,2020-04
B-26166,"$2,999 ",$145 ,13,Office Supplies,Binders,COD,23-Aug-22,Cynthia Wilcox,Illinois,Chicago,2022-08
B-26166,"$5,142 ","$1,916 ",20,Office Supplies,Paper,EMI,23-Aug-22,Cynthia Wilcox,Illinois,Chicago,2022-08
B-25695,"$1,239 ",$575 ,17,Electronics,Laptops,UPI,17-Dec-22,Rebecca Wright,New York,Rochester,2022-12
B-25695,"$1,239 ",$575 ,17,Electronics,Laptops,UPI,08-Jun-22,Sarah Flores,Illinois,Springfield,2022-06
B-25695,"$1,262 ",$515 ,16,Electronics,Electronic Games,EMI,17-Dec-22,Rebecca Wright,New York,Rochester,2022-12
B-25695,"$1,262 ",$515 ,16,Electronics,Electronic Games,EMI,08-Jun-22,Sarah Flores,Illinois,Springfield,2022-06
B-26068,"$1,033 ",$254 ,5,Furniture,Bookcases,COD,28-Aug-20,Carol Norman,New York,Rochester,2020-08
B-26023,"$1,518 ",$159 ,19,Electronics,Printers,UPI,26-Sep-20,Stephanie Gardner,California,San Diego,2020-09
B-26677,"$8,581 ","$2,444 ",2,Office Supplies,Paper,Debit Card,13-Dec-20,Philip Baker,Illinois,Peoria,2020-12
B-26677,"$8,581 ","$2,444 ",2,Office Supplies,Paper,Debit Card,19-Nov-20,Randall Dennis,Florida,Orlando,2020-11
B-25701,"$1,167 ",$463 ,5,Office Supplies,Pens,UPI,13-Sep-23,Suzanne Cross,Texas,Austin,2023-09
B-25701,"$2,841 ",$803 ,20,Electronics,Laptops,Credit Card,13-Sep-23,Suzanne Cross,Texas,Austin,2023-09
B-25701,"$5,680 ","$2,159 ",19,Furniture,Tables,UPI,13-Sep-23,Suzanne Cross,Texas,Austin,2023-09
B-26523,"$8,204 ","$2,382 ",6,Office Supplies,Pens,UPI,31-Mar-20,Jasmine Delgado,Illinois,Chicago,2020-03
B-26523,"$8,204 ","$2,382 ",6,Office Supplies,Pens,UPI,20-Oct-20,Kristen Harper,New York,Buffalo,2020-10
B-26523,"$2,850 ",$904 ,6,Electronics,Phones,EMI,31-Mar-20,Jasmine Delgado,Illinois,Chicago,2020-03
B-26523,"$2,850 ",$904 ,6,Electronics,Phones,EMI,20-Oct-20,Kristen Harper,New York,Buffalo,2020-10
B-25880,$907 ,$391 ,9,Office Supplies,Pens,Credit Card,04-Aug-23,Kaitlyn Graham MD,New York,New York City,2023-08
B-26898,"$2,174 ",$265 ,19,Office Supplies,Pens,Credit Card,11-Apr-22,Dean Avila,Ohio,Cincinnati,2022-04
B-26898,"$8,541 ","$2,029 ",12,Electronics,Electronic Games,Credit Card,11-Apr-22,Dean Avila,Ohio,Cincinnati,2022-04
B-26898,"$1,931 ",$551 ,3,Furniture,Bookcases,EMI,11-Apr-22,Dean Avila,Ohio,Cincinnati,2022-04
B-26035,"$1,281 ",$340 ,3,Electronics,Electronic Games,Debit Card,31-Dec-21,Megan Mack,Texas,Austin,2021-12
B-26035,"$2,404 ",$253 ,15,Electronics,Laptops,COD,31-Dec-21,Megan Mack,Texas,Austin,2021-12
B-25573,"$2,119 ",$196 ,1,Furniture,Sofas,COD,16-Aug-20,Heather Johnson,California,Los Angeles,2020-08
B-25463,"$3,137 ",$571 ,9,Office Supplies,Pens,Debit Card,02-Feb-25,Tina Davies,Illinois,Chicago,2025-02
B-26277,"$2,323 ",$727 ,7,Furniture,Tables,COD,24-Feb-22,Matthew Harris,Texas,Dallas,2022-02
B-26277,"$1,368 ",$406 ,9,Furniture,Bookcases,UPI,24-Feb-22,Matthew Harris,Texas,Dallas,2022-02
B-26508,"$9,204 ","$3,289 ",16,Electronics,Laptops,Credit Card,25-Feb-24,Christopher Kirk,Florida,Miami,2024-02
B-26508,"$9,204 ","$3,289 ",16,Electronics,Laptops,Credit Card,15-Jun-21,Eric Stevens,Florida,Miami,2021-06
B-26508,"$9,894 ","$3,698 ",20,Office Supplies,Paper,EMI,25-Feb-24,Christopher Kirk,Florida,Miami,2024-02
B-26508,"$9,894 ","$3,698 ",20,Office Supplies,Paper,EMI,15-Jun-21,Eric Stevens,Florida,Miami,2021-06
B-26723,"$5,322 ","$1,423 ",18,Furniture,Sofas,COD,08-Dec-22,James Dickerson,Texas,Houston,2022-12
B-26723,"$5,322 ","$1,423 ",18,Furniture,Sofas,COD,09-Dec-23,James Jones,Texas,Dallas,2023-12
B-25526,"$2,666 ",$559 ,14,Furniture,Chairs,COD,16-Jul-22,Hannah Hendricks,Ohio,Cleveland,2022-07
B-25645,"$8,383 ",$937 ,4,Furniture,Sofas,UPI,05-May-24,Brett Mullins,Florida,Orlando,2024-05
B-25757,"$7,560 ",$821 ,4,Office Supplies,Paper,EMI,04-Oct-21,Ms. Kim Jordan,Illinois,Chicago,2021-10
B-26716,"$1,314 ",$490 ,16,Furniture,Sofas,UPI,20-Nov-21,Marcus Santiago,New York,Buffalo,2021-11
B-26716,"$4,390 ",$179 ,1,Furniture,Tables,Debit Card,20-Nov-21,Marcus Santiago,New York,Buffalo,2021-11
B-26716,"$1,150 ",$58 ,7,Office Supplies,Binders,Debit Card,20-Nov-21,Marcus Santiago,New York,Buffalo,2021-11
B-25424,"$1,574 ",$258 ,17,Office Supplies,Pens,EMI,15-Sep-20,Jill Perez,California,San Diego,2020-09
B-25424,"$5,635 ",$318 ,17,Office Supplies,Binders,UPI,15-Sep-20,Jill Perez,California,San Diego,2020-09
B-25424,"$6,515 ",$961 ,11,Furniture,Sofas,Debit Card,15-Sep-20,Jill Perez,California,San Diego,2020-09
B-26453,"$1,231 ",$214 ,20,Electronics,Laptops,Debit Card,17-Jan-23,Courtney Williams,Ohio,Columbus,2023-01
B-26453,"$1,231 ",$214 ,20,Electronics,Laptops,Debit Card,16-Jun-20,Jordan Hahn,New York,Rochester,2020-06
B-26425,"$6,891 ","$2,529 ",3,Office Supplies,Binders,Debit Card,01-May-24,William Cook,Ohio,Cleveland,2024-05
B-25843,"$7,524 ","$2,308 ",15,Electronics,Laptops,EMI,07-Dec-23,Stephanie Hayes,Texas,Austin,2023-12
B-25843,"$6,864 ","$1,824 ",14,Electronics,Printers,Credit Card,07-Dec-23,Stephanie Hayes,Texas,Austin,2023-12
B-25486,"$4,215 ",$432 ,14,Furniture,Chairs,Debit Card,02-Feb-24,Melissa Wise,Ohio,Columbus,2024-02
B-26975,$622 ,$218 ,19,Furniture,Bookcases,Credit Card,23-Jun-24,Elizabeth Gonzalez,California,San Diego,2024-06
B-26975,"$1,755 ",$495 ,18,Office Supplies,Pens,UPI,23-Jun-24,Elizabeth Gonzalez,California,San Diego,2024-06
B-26975,"$8,020 ","$3,898 ",20,Electronics,Electronic Games,EMI,23-Jun-24,Elizabeth Gonzalez,California,San Diego,2024-06
B-26890,"$7,333 ","$1,576 ",4,Electronics,Laptops,Credit Card,07-Jun-24,Mr. Eric Lopez,New York,Buffalo,2024-06
B-26125,"$7,690 ","$1,134 ",4,Electronics,Electronic Games,COD,13-Oct-23,Benjamin Higgins,New York,Rochester,2023-10
B-26125,$912 ,$246 ,2,Furniture,Sofas,EMI,13-Oct-23,Benjamin Higgins,New York,Rochester,2023-10
B-26489,"$2,791 ",$894 ,14,Electronics,Laptops,COD,08-Oct-22,Brett Sutton,Texas,Austin,2022-10
B-26489,"$2,791 ",$894 ,14,Electronics,Laptops,COD,27-Oct-23,Anna Blackburn,Ohio,Cincinnati,2023-10
B-26489,"$2,791 ",$894 ,14,Electronics,Laptops,COD,09-Feb-21,Michelle Bailey,Texas,Dallas,2021-02
B-26489,"$6,223 ","$1,478 ",3,Furniture,Sofas,Debit Card,08-Oct-22,Brett Sutton,Texas,Austin,2022-10
B-26489,"$6,223 ","$1,478 ",3,Furniture,Sofas,Debit Card,27-Oct-23,Anna Blackburn,Ohio,Cincinnati,2023-10
B-26489,"$6,223 ","$1,478 ",3,Furniture,Sofas,Debit Card,09-Feb-21,Michelle Bailey,Texas,Dallas,2021-02
B-26489,"$8,943 ","$3,121 ",17,Furniture,Chairs,Debit Card,08-Oct-22,Brett Sutton,Texas,Austin,2022-10
B-26489,"$8,943 ","$3,121 ",17,Furniture,Chairs,Debit Card,27-Oct-23,Anna Blackburn,Ohio,Cincinnati,2023-10
B-26489,"$8,943 ","$3,121 ",17,Furniture,Chairs,Debit Card,09-Feb-21,Michelle Bailey,Texas,Dallas,2021-02
B-26489,"$3,297 ",$102 ,12,Electronics,Phones,Credit Card,08-Oct-22,Brett Sutton,Texas,Austin,2022-10
B-26489,"$3,297 ",$102 ,12,Electronics,Phones,Credit Card,27-Oct-23,Anna Blackburn,Ohio,Cincinnati,2023-10
B-26489,"$3,297 ",$102 ,12,Electronics,Phones,Credit Card,09-Feb-21,Michelle Bailey,Texas,Dallas,2021-02
B-26043,"$8,769 ","$1,989 ",20,Office Supplies,Paper,UPI,03-Nov-20,Sara Peterson,Illinois,Chicago,2020-11
B-26557,"$9,057 ","$1,888 ",19,Electronics,Printers,COD,30-May-22,Katherine Williams,Florida,Orlando,2022-05
B-26557,"$6,864 ","$3,275 ",11,Furniture,Tables,Credit Card,30-May-22,Katherine Williams,Florida,Orlando,2022-05
B-26557,"$9,200 ",$809 ,13,Electronics,Laptops,COD,30-May-22,Katherine Williams,Florida,Orlando,2022-05
B-25243,"$6,113 ","$2,508 ",6,Electronics,Laptops,UPI,16-Jun-24,Cory Evans,Florida,Orlando,2024-06
B-25243,"$7,733 ","$2,784 ",15,Furniture,Tables,EMI,16-Jun-24,Cory Evans,Florida,Orlando,2024-06
B-25243,"$8,524 ",$154 ,14,Furniture,Tables,COD,16-Jun-24,Cory Evans,Florida,Orlando,2024-06
B-25243,"$6,187 ","$2,344 ",15,Furniture,Bookcases,EMI,16-Jun-24,Cory Evans,Florida,Orlando,2024-06
B-26932,"$4,364 ",$148 ,18,Furniture,Tables,EMI,15-Jul-22,Michael Rodriguez,Ohio,Cincinnati,2022-07
B-26932,$736 ,$286 ,12,Office Supplies,Pens,EMI,15-Jul-22,Michael Rodriguez,Ohio,Cincinnati,2022-07
B-25241,"$9,905 ",$633 ,17,Office Supplies,Pens,EMI,18-Jul-21,John Munoz,Texas,Dallas,2021-07
B-25241,"$9,905 ",$633 ,17,Office Supplies,Pens,EMI,02-Oct-21,David Clark,Florida,Tampa,2021-10
B-25044,"$2,493 ","$1,221 ",9,Office Supplies,Paper,Credit Card,16-Apr-24,April Welch,Illinois,Springfield,2024-04
B-25044,"$9,849 ",$963 ,1,Office Supplies,Pens,Credit Card,16-Apr-24,April Welch,Illinois,Springfield,2024-04
B-26137,"$3,423 ",$804 ,4,Electronics,Printers,Credit Card,09-Jul-20,Alan Livingston,Illinois,Peoria,2020-07
B-26137,"$3,423 ",$804 ,4,Electronics,Printers,Credit Card,25-Jul-20,Angela Jackson,Texas,Dallas,2020-07
B-26137,"$3,423 ",$804 ,4,Electronics,Printers,Credit Card,24-Jan-24,Amy Williams,Texas,Austin,2024-01
B-26137,"$3,423 ",$804 ,4,Electronics,Printers,Credit Card,04-May-20,Laura Jordan,Texas,Dallas,2020-05
B-26137,"$3,423 ",$804 ,4,Electronics,Printers,Credit Card,13-Nov-21,Richard Maynard,Ohio,Cincinnati,2021-11
B-25545,"$3,900 ",$115 ,9,Furniture,Chairs,COD,07-Oct-23,Lawrence Oliver,Illinois,Springfield,2023-10
B-26800,"$8,568 ","$2,419 ",11,Electronics,Electronic Games,UPI,23-Oct-21,Anthony Williams,New York,Rochester,2021-10
B-26800,"$3,283 ",$71 ,6,Office Supplies,Pens,EMI,23-Oct-21,Anthony Williams,New York,Rochester,2021-10
B-26987,"$7,643 ","$3,720 ",19,Electronics,Electronic Games,EMI,18-Jul-22,Lynn Matthews,Texas,Dallas,2022-07
B-26144,"$3,461 ","$1,537 ",15,Furniture,Sofas,EMI,23-Aug-24,Andrew Griffin,Illinois,Chicago,2024-08
B-26144,"$5,714 ","$1,438 ",6,Electronics,Electronic Games,Credit Card,23-Aug-24,Andrew Griffin,Illinois,Chicago,2024-08
B-26144,"$3,853 ","$1,457 ",10,Office Supplies,Binders,COD,23-Aug-24,Andrew Griffin,Illinois,Chicago,2024-08
B-25406,"$6,016 ",$431 ,20,Office Supplies,Pens,UPI,28-Oct-20,Megan Williams,Illinois,Chicago,2020-10
B-25658,"$1,290 ",$204 ,12,Office Supplies,Markers,UPI,15-Jun-24,Alison Martin,New York,Buffalo,2024-06
B-25658,"$1,290 ",$204 ,12,Office Supplies,Markers,UPI,19-Dec-24,Samuel Wallace,California,San Francisco,2024-12
B-25733,"$4,569 ","$1,693 ",10,Electronics,Printers,UPI,04-Sep-20,Manuel Stark,Illinois,Springfield,2020-09
B-26993,"$3,083 ","$1,151 ",16,Furniture,Bookcases,Debit Card,16-Apr-22,William Villarreal,Florida,Orlando,2022-04
B-26964,"$3,522 ",$898 ,15,Office Supplies,Pens,Credit Card,29-Aug-24,Brandon Kirk,Ohio,Cleveland,2024-08
B-26964,"$3,522 ",$898 ,15,Office Supplies,Pens,Credit Card,14-Jan-22,Abigail Brown,California,Los Angeles,2022-01
B-26955,"$7,301 ","$3,602 ",3,Office Supplies,Binders,Debit Card,07-Apr-24,Kristine Carter,Texas,Houston,2024-04
B-26059,"$4,462 ",$121 ,8,Electronics,Laptops,COD,24-Apr-22,Wesley Deleon,Illinois,Springfield,2022-04
B-26059,"$6,212 ","$1,881 ",17,Electronics,Phones,COD,24-Apr-22,Wesley Deleon,Illinois,Springfield,2022-04
B-26806,"$4,027 ","$1,386 ",3,Furniture,Bookcases,EMI,27-Aug-20,Laura Cole,Florida,Tampa,2020-08
B-26299,"$1,676 ",$330 ,14,Electronics,Laptops,EMI,01-Mar-23,Lauren Harris,Ohio,Cleveland,2023-03
B-26299,"$3,927 ","$1,133 ",12,Furniture,Bookcases,COD,01-Mar-23,Lauren Harris,Ohio,Cleveland,2023-03
B-26299,"$2,776 ",$887 ,9,Electronics,Phones,Debit Card,01-Mar-23,Lauren Harris,Ohio,Cleveland,2023-03
B-26743,"$7,684 ","$1,157 ",12,Furniture,Sofas,COD,02-Oct-20,Cameron Miller,Illinois,Chicago,2020-10
B-26743,"$7,684 ","$1,157 ",12,Furniture,Sofas,COD,23-Jun-20,Jacob Carpenter,New York,Buffalo,2020-06
B-26743,"$7,684 ","$1,157 ",12,Furniture,Sofas,COD,21-Aug-23,Pamela Callahan DVM,Ohio,Columbus,2023-08
B-26757,"$6,008 ","$2,498 ",17,Electronics,Phones,Credit Card,16-Jul-22,William Ruiz,Florida,Miami,2022-07
B-26772,"$7,344 ","$2,598 ",20,Furniture,Bookcases,COD,01-Aug-22,Paula Marshall,Texas,Dallas,2022-08
B-26088,"$6,932 ","$3,218 ",20,Office Supplies,Pens,COD,16-Jul-20,Natalie Cox,Florida,Orlando,2020-07
B-26319,"$7,748 ","$1,706 ",16,Electronics,Electronic Games,EMI,02-May-20,Andrew Fernandez,Ohio,Cincinnati,2020-05
B-26319,"$6,381 ","$2,763 ",20,Office Supplies,Markers,UPI,02-May-20,Andrew Fernandez,Ohio,Cincinnati,2020-05
B-26319,$992 ,$64 ,6,Electronics,Phones,Credit Card,02-May-20,Andrew Fernandez,Ohio,Cincinnati,2020-05
B-25364,"$8,649 ","$2,631 ",13,Electronics,Laptops,EMI,10-Jan-24,Alisha Saunders,California,San Francisco,2024-01
B-25364,"$8,649 ","$2,631 ",13,Electronics,Laptops,EMI,30-Sep-20,Travis Chandler DDS,New York,Rochester,2020-09
B-25655,"$4,099 ",$52 ,18,Electronics,Laptops,UPI,28-Mar-22,Russell Austin,New York,New York City,2022-03
B-26864,"$2,539 ",$324 ,5,Electronics,Electronic Games,UPI,30-Jan-21,Collin Cameron,California,San Francisco,2021-01
B-26019,"$9,845 ","$3,062 ",9,Office Supplies,Paper,COD,14-Mar-25,Elizabeth Hernandez,Florida,Orlando,2025-03
B-25849,"$2,901 ","$1,411 ",2,Office Supplies,Paper,Debit Card,26-Oct-21,William Russell,Texas,Austin,2021-10
B-25849,"$2,901 ","$1,411 ",2,Office Supplies,Paper,Debit Card,11-Jan-23,Sheri Berg,California,Los Angeles,2023-01
B-25849,"$6,934 ","$1,152 ",6,Office Supplies,Pens,Credit Card,26-Oct-21,William Russell,Texas,Austin,2021-10
B-25849,"$6,934 ","$1,152 ",6,Office Supplies,Pens,Credit Card,11-Jan-23,Sheri Berg,California,Los Angeles,2023-01
B-25829,"$9,640 ","$2,606 ",2,Furniture,Bookcases,Credit Card,31-Oct-21,Anthony Barnett,Illinois,Peoria,2021-10
B-26065,"$7,930 ","$1,981 ",13,Furniture,Chairs,Credit Card,04-May-23,Kaitlyn Flores,Ohio,Cleveland,2023-05
B-26065,"$7,930 ","$1,981 ",13,Furniture,Chairs,Credit Card,09-Aug-24,Rebecca Owen,Illinois,Springfield,2024-08
B-25267,"$9,894 ",$829 ,1,Office Supplies,Binders,COD,21-Aug-22,Michael Bell,California,San Diego,2022-08
B-25267,"$4,534 ","$2,235 ",4,Furniture,Tables,COD,21-Aug-22,Michael Bell,California,San Diego,2022-08
B-25972,"$4,911 ",$186 ,20,Electronics,Phones,Debit Card,19-Jun-22,Willie Huynh,New York,Buffalo,2022-06
B-25972,$531 ,$189 ,20,Furniture,Bookcases,Debit Card,19-Jun-22,Willie Huynh,New York,Buffalo,2022-06
B-25511,"$9,707 ","$3,483 ",10,Electronics,Electronic Games,EMI,29-Jan-25,Samuel Hayes,Illinois,Peoria,2025-01
B-25511,"$8,521 ","$2,584 ",7,Office Supplies,Paper,COD,29-Jan-25,Samuel Hayes,Illinois,Peoria,2025-01
B-25744,"$8,438 ","$3,427 ",12,Office Supplies,Binders,Credit Card,14-Jan-22,Sherry Tran,New York,Buffalo,2022-01
B-25744,"$1,689 ",$109 ,9,Electronics,Electronic Games,UPI,14-Jan-22,Sherry Tran,New York,Buffalo,2022-01
B-25744,"$3,936 ","$1,626 ",14,Office Supplies,Paper,COD,14-Jan-22,Sherry Tran,New York,Buffalo,2022-01
B-26805,"$7,664 ","$1,753 ",19,Electronics,Phones,Debit Card,15-Jun-23,Heather Gray,Ohio,Cincinnati,2023-06
B-25620,$721 ,$258 ,13,Electronics,Laptops,Debit Card,18-Oct-23,Benjamin Meadows,Illinois,Peoria,2023-10
B-25620,$721 ,$258 ,13,Electronics,Laptops,Debit Card,13-Jun-22,Micheal Graham,New York,Buffalo,2022-06
B-25620,"$8,364 ","$3,055 ",17,Electronics,Laptops,Credit Card,18-Oct-23,Benjamin Meadows,Illinois,Peoria,2023-10
B-25620,"$8,364 ","$3,055 ",17,Electronics,Laptops,Credit Card,13-Jun-22,Micheal Graham,New York,Buffalo,2022-06
B-25620,"$5,234 ","$2,021 ",15,Furniture,Bookcases,EMI,18-Oct-23,Benjamin Meadows,Illinois,Peoria,2023-10
B-25620,"$5,234 ","$2,021 ",15,Furniture,Bookcases,EMI,13-Jun-22,Micheal Graham,New York,Buffalo,2022-06
B-25325,"$3,944 ","$1,559 ",18,Electronics,Phones,Credit Card,12-Jun-24,Jean Jackson,California,San Francisco,2024-06
B-25325,"$6,711 ","$1,045 ",12,Office Supplies,Pens,Credit Card,12-Jun-24,Jean Jackson,California,San Francisco,2024-06
B-25325,"$5,031 ",$714 ,4,Furniture,Tables,Credit Card,12-Jun-24,Jean Jackson,California,San Francisco,2024-06
B-25325,"$6,295 ","$2,469 ",14,Office Supplies,Binders,EMI,12-Jun-24,Jean Jackson,California,San Francisco,2024-06
B-25131,"$9,654 ","$4,111 ",1,Office Supplies,Paper,UPI,27-Jun-22,Timothy Murphy,California,San Francisco,2022-06
B-25131,"$3,112 ","$1,065 ",20,Office Supplies,Binders,COD,27-Jun-22,Timothy Murphy,California,San Francisco,2022-06
B-26654,"$7,838 ","$1,142 ",13,Electronics,Phones,UPI,18-Feb-21,Mrs. Jennifer Lewis,California,San Francisco,2021-02
B-26654,"$9,300 ","$3,146 ",6,Electronics,Phones,Credit Card,18-Feb-21,Mrs. Jennifer Lewis,California,San Francisco,2021-02
B-26654,"$1,733 ",$133 ,17,Office Supplies,Paper,Debit Card,18-Feb-21,Mrs. Jennifer Lewis,California,San Francisco,2021-02
B-26195,$874 ,$235 ,15,Office Supplies,Binders,Debit Card,29-May-23,Bryan Brown,New York,Rochester,2023-05
B-26195,$874 ,$235 ,15,Office Supplies,Binders,Debit Card,04-Jun-21,Christopher Johnson,Florida,Miami,2021-06
B-25842,"$1,248 ",$584 ,13,Office Supplies,Pens,EMI,22-Jan-24,Christina Conner,Ohio,Columbus,2024-01
B-25842,"$1,248 ",$584 ,13,Office Supplies,Pens,EMI,27-Dec-22,Luis Luna,California,San Francisco,2022-12
B-25842,"$3,669 ",$154 ,14,Office Supplies,Markers,EMI,22-Jan-24,Christina Conner,Ohio,Columbus,2024-01
B-25842,"$3,669 ",$154 ,14,Office Supplies,Markers,EMI,27-Dec-22,Luis Luna,California,San Francisco,2022-12
B-25842,$514 ,$109 ,15,Office Supplies,Paper,Debit Card,22-Jan-24,Christina Conner,Ohio,Columbus,2024-01
B-25842,$514 ,$109 ,15,Office Supplies,Paper,Debit Card,27-Dec-22,Luis Luna,California,San Francisco,2022-12
B-25851,"$3,273 ",$85 ,16,Electronics,Phones,UPI,30-Mar-24,Julie Chavez,Ohio,Cincinnati,2024-03
B-25427,"$5,035 ","$2,008 ",2,Furniture,Chairs,COD,04-Apr-20,Richard Blair,Florida,Miami,2020-04
B-25427,"$7,702 ",$60 ,19,Electronics,Printers,UPI,04-Apr-20,Richard Blair,Florida,Miami,2020-04
B-25427,"$9,884 ","$4,446 ",7,Electronics,Printers,EMI,04-Apr-20,Richard Blair,Florida,Miami,2020-04
B-26224,"$5,564 ",$175 ,11,Electronics,Laptops,COD,22-Jan-23,Mitchell Lester,Illinois,Chicago,2023-01
B-26224,"$5,564 ",$175 ,11,Electronics,Laptops,COD,12-Apr-22,Mr. John Tyler PhD,Texas,Houston,2022-04
B-26224,"$5,564 ",$175 ,11,Electronics,Laptops,COD,13-Dec-23,Juan Kelly,Florida,Miami,2023-12
B-26224,"$3,953 ","$1,776 ",15,Electronics,Electronic Games,UPI,22-Jan-23,Mitchell Lester,Illinois,Chicago,2023-01
B-26224,"$3,953 ","$1,776 ",15,Electronics,Electronic Games,UPI,12-Apr-22,Mr. John Tyler PhD,Texas,Houston,2022-04
B-26224,"$3,953 ","$1,776 ",15,Electronics,Electronic Games,UPI,13-Dec-23,Juan Kelly,Florida,Miami,2023-12
B-26896,"$6,488 ","$1,591 ",18,Electronics,Printers,EMI,24-May-23,Morgan Mccarthy,Texas,Dallas,2023-05
B-26896,"$6,488 ","$1,591 ",18,Electronics,Printers,EMI,29-Nov-20,Morgan Sullivan,Texas,Houston,2020-11
B-26469,"$7,856 ","$3,699 ",17,Electronics,Electronic Games,UPI,24-Mar-21,Eric Clark,Florida,Orlando,2021-03
B-26469,"$1,165 ",$51 ,3,Office Supplies,Pens,EMI,24-Mar-21,Eric Clark,Florida,Orlando,2021-03
B-26219,"$9,386 ","$2,555 ",20,Office Supplies,Markers,Credit Card,19-Aug-20,Mark Padilla,California,San Diego,2020-08
B-26219,"$9,386 ","$2,555 ",20,Office Supplies,Markers,Credit Card,20-Oct-22,Anthony Lane,Ohio,Cleveland,2022-10
B-26119,"$3,956 ",$142 ,12,Office Supplies,Pens,Debit Card,20-Sep-23,Jeffrey Henderson,Florida,Tampa,2023-09
B-26119,"$3,956 ",$142 ,12,Office Supplies,Pens,Debit Card,26-Dec-24,Michelle Hardy,Texas,Dallas,2024-12
B-26119,"$6,449 ","$2,628 ",11,Furniture,Bookcases,EMI,20-Sep-23,Jeffrey Henderson,Florida,Tampa,2023-09
B-26119,"$6,449 ","$2,628 ",11,Furniture,Bookcases,EMI,26-Dec-24,Michelle Hardy,Texas,Dallas,2024-12
B-26988,"$6,255 ",$437 ,18,Office Supplies,Markers,COD,03-Dec-21,Ms. Barbara Cervantes,New York,Rochester,2021-12
B-26988,"$2,109 ",$681 ,20,Electronics,Electronic Games,UPI,03-Dec-21,Ms. Barbara Cervantes,New York,Rochester,2021-12
B-25596,"$6,707 ","$1,041 ",20,Electronics,Phones,Credit Card,14-Sep-21,Steven Proctor,Texas,Austin,2021-09
B-26845,"$7,633 ",$184 ,13,Office Supplies,Pens,COD,30-Sep-21,Shannon Patterson,Illinois,Springfield,2021-09
B-25099,$975 ,$224 ,18,Office Supplies,Pens,COD,22-Dec-21,William Valdez,California,San Diego,2021-12
B-25099,"$4,492 ","$1,450 ",7,Furniture,Tables,EMI,22-Dec-21,William Valdez,California,San Diego,2021-12
B-25099,"$7,957 ","$2,834 ",12,Furniture,Chairs,UPI,22-Dec-21,William Valdez,California,San Diego,2021-12
B-26153,"$4,906 ",$975 ,7,Furniture,Tables,Debit Card,18-May-22,Laura Yu,Texas,Houston,2022-05
B-25060,"$1,379 ",$250 ,3,Office Supplies,Pens,Credit Card,08-Oct-20,Jonathan Mcmillan,New York,Buffalo,2020-10
B-25060,"$4,244 ",$340 ,10,Electronics,Laptops,Debit Card,08-Oct-20,Jonathan Mcmillan,New York,Buffalo,2020-10
B-26572,"$5,911 ","$2,333 ",14,Furniture,Bookcases,EMI,20-Aug-22,Austin Davis,California,San Diego,2022-08
B-26572,"$5,911 ","$2,333 ",14,Furniture,Bookcases,EMI,25-Nov-24,Mark Roy,California,San Francisco,2024-11
B-26572,"$1,818 ",$738 ,11,Office Supplies,Markers,EMI,20-Aug-22,Austin Davis,California,San Diego,2022-08
B-26572,"$1,818 ",$738 ,11,Office Supplies,Markers,EMI,25-Nov-24,Mark Roy,California,San Francisco,2024-11
B-25919,"$2,140 ",$970 ,4,Office Supplies,Paper,Credit Card,30-Sep-20,Jillian Williams,California,San Diego,2020-09
B-25919,"$2,140 ",$970 ,4,Office Supplies,Paper,Credit Card,20-Feb-25,Rebekah Carter,Florida,Orlando,2025-02
B-25919,"$2,140 ",$970 ,4,Office Supplies,Paper,Credit Card,20-Mar-22,Jonathan Reed,California,San Francisco,2022-03
B-25919,"$2,670 ","$1,026 ",1,Electronics,Laptops,Debit Card,30-Sep-20,Jillian Williams,California,San Diego,2020-09
B-25919,"$2,670 ","$1,026 ",1,Electronics,Laptops,Debit Card,20-Feb-25,Rebekah Carter,Florida,Orlando,2025-02
B-25919,"$2,670 ","$1,026 ",1,Electronics,Laptops,Debit Card,20-Mar-22,Jonathan Reed,California,San Francisco,2022-03
B-26978,"$1,108 ",$167 ,18,Electronics,Laptops,Debit Card,07-Mar-25,Roger Harris,Illinois,Springfield,2025-03
B-26978,"$9,776 ","$3,750 ",9,Office Supplies,Binders,UPI,07-Mar-25,Roger Harris,Illinois,Springfield,2025-03
B-26978,$535 ,$72 ,6,Furniture,Bookcases,COD,07-Mar-25,Roger Harris,Illinois,Springfield,2025-03
B-26554,"$7,564 ","$3,463 ",5,Office Supplies,Paper,Credit Card,16-Jun-24,Louis Jimenez,Florida,Tampa,2024-06
B-26554,"$7,564 ","$3,463 ",5,Office Supplies,Paper,Credit Card,21-Nov-20,Jessica Jones,Illinois,Peoria,2020-11
B-26554,"$7,564 ","$3,463 ",5,Office Supplies,Paper,Credit Card,01-Oct-24,Renee Gomez,Florida,Miami,2024-10
B-26554,"$7,564 ","$3,463 ",5,Office Supplies,Paper,Credit Card,01-Jul-24,Connie Olson,Texas,Houston,2024-07
B-26554,"$3,409 ","$1,605 ",20,Electronics,Electronic Games,UPI,16-Jun-24,Louis Jimenez,Florida,Tampa,2024-06
B-26554,"$3,409 ","$1,605 ",20,Electronics,Electronic Games,UPI,21-Nov-20,Jessica Jones,Illinois,Peoria,2020-11
B-26554,"$3,409 ","$1,605 ",20,Electronics,Electronic Games,UPI,01-Oct-24,Renee Gomez,Florida,Miami,2024-10
B-26554,"$3,409 ","$1,605 ",20,Electronics,Electronic Games,UPI,01-Jul-24,Connie Olson,Texas,Houston,2024-07
B-26883,"$9,751 ","$2,459 ",13,Office Supplies,Pens,COD,23-Nov-20,Christian Jones,New York,Buffalo,2020-11
B-25423,"$6,385 ","$2,656 ",11,Electronics,Printers,Credit Card,18-Mar-23,Matthew Kelley,Florida,Orlando,2023-03
B-25423,"$6,385 ","$2,656 ",11,Electronics,Printers,Credit Card,19-Oct-22,Candace Martinez,Florida,Tampa,2022-10
B-26324,"$6,355 ","$1,335 ",15,Electronics,Electronic Games,Debit Card,31-Aug-23,Jacob Mann,Texas,Austin,2023-08
B-26324,"$6,355 ","$1,335 ",15,Electronics,Electronic Games,Debit Card,06-Jun-21,Keith Reese,Texas,Austin,2021-06
B-26945,"$7,377 ",$320 ,15,Electronics,Printers,Debit Card,21-Dec-22,Aaron Jones,Texas,Austin,2022-12
B-26945,"$2,054 ",$371 ,12,Office Supplies,Markers,EMI,21-Dec-22,Aaron Jones,Texas,Austin,2022-12
B-26405,"$7,497 ",$319 ,18,Furniture,Chairs,COD,12-Feb-24,Christopher Brooks,Illinois,Peoria,2024-02
B-26046,"$2,565 ",$983 ,20,Electronics,Electronic Games,Debit Card,05-Dec-22,Charles Moore,Florida,Miami,2022-12
B-26046,"$5,024 ","$1,544 ",19,Office Supplies,Pens,COD,05-Dec-22,Charles Moore,Florida,Miami,2022-12
B-25746,"$8,243 ","$1,346 ",15,Office Supplies,Binders,Debit Card,04-Apr-21,Manuel Walls,Texas,Houston,2021-04
B-25232,"$7,792 ","$1,403 ",13,Office Supplies,Paper,UPI,12-Feb-21,Darren Moore,Illinois,Peoria,2021-02
B-25232,"$7,792 ","$1,403 ",13,Office Supplies,Paper,UPI,27-Dec-22,Stephanie Thomas,New York,Rochester,2022-12
B-25232,"$7,792 ","$1,403 ",13,Office Supplies,Paper,UPI,19-Jan-24,Kristy Hernandez,California,San Diego,2024-01
B-25232,"$2,346 ",$388 ,14,Furniture,Chairs,Debit Card,12-Feb-21,Darren Moore,Illinois,Peoria,2021-02
B-25232,"$2,346 ",$388 ,14,Furniture,Chairs,Debit Card,27-Dec-22,Stephanie Thomas,New York,Rochester,2022-12
B-25232,"$2,346 ",$388 ,14,Furniture,Chairs,Debit Card,19-Jan-24,Kristy Hernandez,California,San Diego,2024-01
B-25591,"$7,346 ","$1,043 ",10,Furniture,Sofas,Credit Card,25-Dec-22,Randy Johnson,Ohio,Columbus,2022-12
B-25591,"$9,770 ","$4,132 ",7,Electronics,Electronic Games,UPI,25-Dec-22,Randy Johnson,Ohio,Columbus,2022-12
B-25591,"$7,179 ",$683 ,13,Electronics,Laptops,Credit Card,25-Dec-22,Randy Johnson,Ohio,Columbus,2022-12
B-26325,"$5,449 ","$2,389 ",2,Electronics,Phones,UPI,06-Oct-22,James Benitez,Florida,Miami,2022-10
B-25251,"$2,895 ",$104 ,6,Furniture,Chairs,COD,27-Apr-20,Donald York,New York,Buffalo,2020-04
B-25251,"$2,895 ",$104 ,6,Furniture,Chairs,COD,13-May-24,Tiffany Parker,Texas,Houston,2024-05
B-25251,$697 ,$116 ,1,Furniture,Chairs,UPI,27-Apr-20,Donald York,New York,Buffalo,2020-04
B-25251,$697 ,$116 ,1,Furniture,Chairs,UPI,13-May-24,Tiffany Parker,Texas,Houston,2024-05
B-25464,"$6,145 ","$1,414 ",4,Furniture,Chairs,COD,23-Oct-20,Melissa Mcknight,California,Los Angeles,2020-10
B-25464,"$2,504 ",$440 ,18,Electronics,Printers,UPI,23-Oct-20,Melissa Mcknight,California,Los Angeles,2020-10
B-25464,"$3,124 ",$138 ,16,Electronics,Phones,Debit Card,23-Oct-20,Melissa Mcknight,California,Los Angeles,2020-10
B-26678,"$6,934 ","$1,226 ",1,Electronics,Electronic Games,Debit Card,11-Jun-21,Mr. Jack Mercado,Ohio,Cincinnati,2021-06
B-26678,"$6,934 ","$1,226 ",1,Electronics,Electronic Games,Debit Card,08-Sep-21,Christian Jones,New York,Rochester,2021-09
B-25962,"$4,202 ","$1,171 ",3,Office Supplies,Markers,COD,23-Nov-22,Rachel Fisher,Illinois,Peoria,2022-11
B-25962,"$4,202 ","$1,171 ",3,Office Supplies,Markers,COD,31-Oct-22,Donald Moore,New York,Rochester,2022-10
B-25962,"$4,202 ","$1,171 ",3,Office Supplies,Markers,COD,06-Nov-23,William Wu,Florida,Tampa,2023-11
B-25962,"$4,202 ","$1,171 ",3,Office Supplies,Markers,COD,12-Nov-23,Jesus Zuniga,Texas,Houston,2023-11
B-26586,"$2,239 ",$828 ,1,Electronics,Printers,UPI,26-Jun-23,Michael Gallegos,California,Los Angeles,2023-06
B-26586,"$2,239 ",$828 ,1,Electronics,Printers,UPI,30-Sep-23,Robert Daniels,Illinois,Chicago,2023-09
B-26586,"$2,450 ","$1,002 ",4,Electronics,Phones,Debit Card,26-Jun-23,Michael Gallegos,California,Los Angeles,2023-06
B-26586,"$2,450 ","$1,002 ",4,Electronics,Phones,Debit Card,30-Sep-23,Robert Daniels,Illinois,Chicago,2023-09
B-26841,"$9,827 ","$4,208 ",13,Furniture,Chairs,Debit Card,12-Sep-20,Jill Jones,New York,New York City,2020-09
B-26841,"$8,077 ",$240 ,15,Furniture,Sofas,Credit Card,12-Sep-20,Jill Jones,New York,New York City,2020-09
B-26284,"$5,152 ","$2,045 ",14,Electronics,Phones,UPI,27-Nov-20,Elizabeth Miller,Illinois,Springfield,2020-11
B-26284,"$5,152 ","$2,045 ",14,Electronics,Phones,UPI,25-Aug-22,Sabrina Clark,California,Los Angeles,2022-08
B-26284,"$5,152 ","$2,045 ",14,Electronics,Phones,UPI,23-Aug-23,Larry Casey,Illinois,Chicago,2023-08
B-26284,"$5,152 ","$2,045 ",14,Electronics,Phones,UPI,11-Oct-23,Daniel Burns,New York,Rochester,2023-10
B-26478,"$2,542 ",$190 ,1,Office Supplies,Markers,Credit Card,21-Apr-22,James Tanner,Texas,Houston,2022-04
B-26679,"$8,102 ","$1,800 ",5,Office Supplies,Markers,UPI,14-Sep-23,Leonard Gonzalez,California,San Francisco,2023-09
B-26679,"$8,102 ","$1,800 ",5,Office Supplies,Markers,UPI,29-Apr-20,Richard Lee,New York,Buffalo,2020-04
B-26679,"$8,102 ","$1,800 ",5,Office Supplies,Markers,UPI,15-Dec-20,Matthew Schroeder,Ohio,Cleveland,2020-12
B-26679,"$3,234 ","$1,274 ",10,Furniture,Tables,EMI,14-Sep-23,Leonard Gonzalez,California,San Francisco,2023-09
B-26679,"$3,234 ","$1,274 ",10,Furniture,Tables,EMI,29-Apr-20,Richard Lee,New York,Buffalo,2020-04
B-26679,"$3,234 ","$1,274 ",10,Furniture,Tables,EMI,15-Dec-20,Matthew Schroeder,Ohio,Cleveland,2020-12
B-26397,"$6,200 ","$2,321 ",18,Furniture,Tables,Credit Card,11-Jul-24,Marcus Flores,California,Los Angeles,2024-07
B-26397,"$6,200 ","$2,321 ",18,Furniture,Tables,Credit Card,21-Sep-24,Tonya Long,Florida,Miami,2024-09
B-25957,"$4,470 ",$413 ,13,Electronics,Laptops,UPI,02-Feb-25,Michael Chambers,California,Los Angeles,2025-02
B-26916,$916 ,$362 ,7,Office Supplies,Pens,UPI,21-Oct-22,Kaylee Glover,Illinois,Springfield,2022-10
B-26916,$916 ,$362 ,7,Office Supplies,Pens,UPI,21-Oct-20,Pamela Patterson,California,San Francisco,2020-10
B-26916,"$1,165 ",$302 ,20,Furniture,Sofas,UPI,21-Oct-22,Kaylee Glover,Illinois,Springfield,2022-10
B-26916,"$1,165 ",$302 ,20,Furniture,Sofas,UPI,21-Oct-20,Pamela Patterson,California,San Francisco,2020-10
B-26916,"$7,846 ",$677 ,12,Furniture,Chairs,UPI,21-Oct-22,Kaylee Glover,Illinois,Springfield,2022-10
B-26916,"$7,846 ",$677 ,12,Furniture,Chairs,UPI,21-Oct-20,Pamela Patterson,California,San Francisco,2020-10
B-25925,"$3,022 ",$384 ,1,Office Supplies,Pens,Credit Card,11-Jan-22,Ronald Mckinney,Texas,Austin,2022-01
B-25925,"$3,022 ",$384 ,1,Office Supplies,Pens,Credit Card,17-Feb-21,James Hart,Illinois,Chicago,2021-02
B-25925,"$5,266 ","$1,111 ",13,Electronics,Electronic Games,Debit Card,11-Jan-22,Ronald Mckinney,Texas,Austin,2022-01
B-25925,"$5,266 ","$1,111 ",13,Electronics,Electronic Games,Debit Card,17-Feb-21,James Hart,Illinois,Chicago,2021-02
B-25602,"$4,853 ","$1,764 ",9,Office Supplies,Pens,Debit Card,06-Nov-21,Rhonda Harris,Florida,Orlando,2021-11
B-25602,"$4,853 ","$1,764 ",9,Office Supplies,Pens,Debit Card,30-Aug-22,Randy Fisher,Texas,Houston,2022-08
B-26592,"$9,832 ","$1,270 ",1,Office Supplies,Pens,COD,07-Oct-22,James Hernandez,California,San Francisco,2022-10
B-26592,$796 ,$153 ,15,Office Supplies,Pens,Credit Card,07-Oct-22,James Hernandez,California,San Francisco,2022-10
B-26251,$883 ,$127 ,7,Furniture,Chairs,COD,04-Jun-23,Brenda Murphy,California,San Francisco,2023-06
B-26251,"$4,539 ","$1,155 ",8,Furniture,Bookcases,Debit Card,04-Jun-23,Brenda Murphy,California,San Francisco,2023-06
B-26251,"$9,659 ","$2,226 ",16,Office Supplies,Binders,Debit Card,04-Jun-23,Brenda Murphy,California,San Francisco,2023-06
B-25979,"$9,562 ",$325 ,2,Electronics,Printers,Debit Card,13-May-22,Andrew Kirby,California,San Diego,2022-05
B-25437,"$4,688 ","$1,841 ",3,Electronics,Laptops,Credit Card,23-Jan-23,Justin Thomas,California,San Francisco,2023-01
B-25437,"$4,688 ","$1,841 ",3,Electronics,Laptops,Credit Card,25-Jul-21,Jillian Johnson MD,California,San Diego,2021-07
B-26986,"$7,900 ",$482 ,4,Electronics,Phones,COD,08-Mar-25,William Martin,Ohio,Columbus,2025-03
B-25990,"$6,967 ","$3,257 ",17,Furniture,Bookcases,COD,25-Dec-22,Mark Dixon,Ohio,Cincinnati,2022-12
B-25990,"$1,091 ",$277 ,6,Office Supplies,Paper,COD,25-Dec-22,Mark Dixon,Ohio,Cincinnati,2022-12
B-25990,"$6,027 ","$1,530 ",2,Office Supplies,Binders,Credit Card,25-Dec-22,Mark Dixon,Ohio,Cincinnati,2022-12
B-25222,"$4,852 ",$218 ,2,Furniture,Tables,EMI,24-Apr-24,Alicia Allen,Texas,Dallas,2024-04
B-25222,"$4,852 ",$218 ,2,Furniture,Tables,EMI,24-Dec-21,Cynthia Meyer,Florida,Tampa,2021-12
B-25222,"$4,852 ",$218 ,2,Furniture,Tables,EMI,07-Sep-23,Brandon Norton,Illinois,Springfield,2023-09
B-26402,"$4,314 ","$1,453 ",6,Furniture,Sofas,COD,10-Aug-21,Christina Scott,Florida,Tampa,2021-08
B-26792,"$3,288 ","$1,477 ",3,Office Supplies,Pens,EMI,26-May-24,Andrew Macias,Texas,Austin,2024-05
B-26792,"$3,288 ","$1,477 ",3,Office Supplies,Pens,EMI,19-Feb-22,Alejandro Williams,Illinois,Springfield,2022-02
B-25154,"$3,977 ",$813 ,5,Office Supplies,Binders,Credit Card,09-Dec-24,Mark Rodriguez,New York,New York City,2024-12
B-26114,"$6,252 ","$1,377 ",2,Electronics,Printers,EMI,01-Jun-23,Sarah Montgomery,Illinois,Chicago,2023-06
B-26485,"$9,084 ","$3,253 ",12,Office Supplies,Pens,Debit Card,05-Nov-23,Marisa Prince,New York,Buffalo,2023-11
B-26191,"$8,994 ","$1,481 ",15,Electronics,Phones,Credit Card,21-Jun-20,James Bonilla,California,San Diego,2020-06
B-26754,"$1,089 ",$176 ,16,Office Supplies,Markers,EMI,26-Oct-20,Robin Myers,Texas,Dallas,2020-10
B-25953,"$6,690 ","$1,001 ",19,Office Supplies,Binders,UPI,06-Jun-22,Nancy Sanchez,Illinois,Springfield,2022-06
B-25953,"$6,690 ","$1,001 ",19,Office Supplies,Binders,UPI,13-Nov-21,Sydney Walls,Illinois,Chicago,2021-11
B-25953,"$4,985 ","$1,920 ",10,Furniture,Bookcases,Credit Card,06-Jun-22,Nancy Sanchez,Illinois,Springfield,2022-06
B-25953,"$4,985 ","$1,920 ",10,Furniture,Bookcases,Credit Card,13-Nov-21,Sydney Walls,Illinois,Chicago,2021-11
B-26516,"$8,590 ","$3,565 ",15,Electronics,Electronic Games,EMI,11-Nov-21,Deborah Hoffman,Florida,Miami,2021-11
B-26516,"$6,973 ","$3,038 ",10,Furniture,Tables,COD,11-Nov-21,Deborah Hoffman,Florida,Miami,2021-11
B-26843,"$4,591 ","$1,941 ",19,Electronics,Printers,EMI,31-Jul-21,Megan Williams,Texas,Dallas,2021-07
B-26843,"$9,612 ","$2,572 ",17,Office Supplies,Pens,Credit Card,31-Jul-21,Megan Williams,Texas,Dallas,2021-07
B-26167,"$5,343 ",$655 ,1,Furniture,Chairs,EMI,13-Apr-24,Shane Clark,California,San Diego,2024-04
B-26972,"$6,956 ",$318 ,20,Office Supplies,Markers,Debit Card,19-Apr-22,Steven Haynes,Illinois,Springfield,2022-04
B-25673,"$5,306 ","$2,405 ",17,Furniture,Tables,EMI,23-Mar-24,Kimberly Fuller,New York,Buffalo,2024-03
B-26587,"$8,982 ",$448 ,17,Furniture,Sofas,UPI,07-May-21,Angela Lyons,New York,New York City,2021-05
B-26587,"$4,826 ",$562 ,5,Office Supplies,Paper,Debit Card,07-May-21,Angela Lyons,New York,New York City,2021-05
B-26668,$972 ,$106 ,15,Office Supplies,Pens,EMI,06-May-22,Betty Tucker,Ohio,Cincinnati,2022-05
B-26906,"$3,665 ",$802 ,4,Office Supplies,Markers,Credit Card,09-Aug-21,Brianna Hunt,Florida,Miami,2021-08
B-26906,"$3,665 ",$802 ,4,Office Supplies,Markers,Credit Card,09-Feb-25,Cathy Clark,Florida,Tampa,2025-02
B-25226,"$9,808 ","$2,117 ",2,Office Supplies,Pens,UPI,23-Apr-24,Nicole Warren,California,Los Angeles,2024-04
B-25166,"$1,133 ",$73 ,17,Furniture,Chairs,UPI,23-Feb-23,Richard Castaneda,Ohio,Cleveland,2023-02
B-25166,"$1,133 ",$73 ,17,Furniture,Chairs,UPI,06-Jun-24,Sarah Torres,California,San Diego,2024-06
B-25166,"$6,248 ","$1,168 ",19,Furniture,Bookcases,COD,23-Feb-23,Richard Castaneda,Ohio,Cleveland,2023-02
B-25166,"$6,248 ","$1,168 ",19,Furniture,Bookcases,COD,06-Jun-24,Sarah Torres,California,San Diego,2024-06
B-25454,"$5,666 ","$2,733 ",17,Electronics,Electronic Games,Credit Card,27-Jan-25,Vanessa Deleon,Florida,Tampa,2025-01
B-26215,"$4,171 ","$1,450 ",18,Office Supplies,Markers,COD,07-Apr-23,Richard Lyons,Texas,Dallas,2023-04
B-25777,"$6,236 ","$2,839 ",7,Electronics,Printers,Credit Card,20-Jan-22,Eric Adams,Illinois,Springfield,2022-01
B-25777,"$6,236 ","$2,839 ",7,Electronics,Printers,Credit Card,10-May-22,Chad Brown,Florida,Orlando,2022-05
B-25383,"$5,410 ","$2,456 ",8,Furniture,Chairs,Credit Card,29-May-24,Kayla Becker,California,Los Angeles,2024-05
B-25383,"$5,410 ","$2,456 ",8,Furniture,Chairs,Credit Card,04-Jan-22,Ashley Freeman,Florida,Tampa,2022-01
B-26409,"$3,024 ","$1,353 ",1,Furniture,Sofas,Credit Card,02-May-24,Scott Harris,California,Los Angeles,2024-05
B-26409,"$3,024 ","$1,353 ",1,Furniture,Sofas,Credit Card,28-Dec-21,John James,Ohio,Columbus,2021-12
B-26684,"$7,434 ","$2,851 ",5,Office Supplies,Markers,UPI,12-Dec-22,Jesse Bond,Illinois,Springfield,2022-12
B-26726,"$7,213 ",$508 ,19,Electronics,Electronic Games,Debit Card,17-Aug-23,Brandon Hughes,Texas,Dallas,2023-08
B-26726,"$7,213 ",$508 ,19,Electronics,Electronic Games,Debit Card,29-Nov-21,Lynn Reynolds,Ohio,Cincinnati,2021-11
B-26726,"$3,176 ",$586 ,9,Furniture,Tables,EMI,17-Aug-23,Brandon Hughes,Texas,Dallas,2023-08
B-26726,"$3,176 ",$586 ,9,Furniture,Tables,EMI,29-Nov-21,Lynn Reynolds,Ohio,Cincinnati,2021-11
B-26136,"$9,144 ","$2,220 ",18,Office Supplies,Binders,Credit Card,13-Jun-21,Ronald Good,Florida,Miami,2021-06
B-26098,"$4,146 ",$865 ,19,Furniture,Tables,EMI,04-Jul-22,Kyle Baker,Texas,Houston,2022-07
B-26098,"$3,793 ",$875 ,7,Furniture,Tables,EMI,04-Jul-22,Kyle Baker,Texas,Houston,2022-07
B-25430,"$7,169 ","$2,385 ",11,Furniture,Sofas,COD,27-Jun-21,Michael Rivera,California,Los Angeles,2021-06
B-25430,"$4,046 ",$417 ,18,Furniture,Chairs,Credit Card,27-Jun-21,Michael Rivera,California,Los Angeles,2021-06
B-25266,"$4,164 ",$905 ,11,Electronics,Phones,COD,04-Dec-23,Lori Adkins,California,San Diego,2023-12
B-25266,"$5,389 ","$2,196 ",5,Furniture,Tables,UPI,04-Dec-23,Lori Adkins,California,San Diego,2023-12
B-25283,"$5,448 ","$2,204 ",5,Furniture,Sofas,COD,09-Aug-22,Luis Warner,New York,New York City,2022-08
B-25227,"$4,115 ","$1,285 ",1,Furniture,Sofas,UPI,08-Apr-20,Donald Perry,Florida,Orlando,2020-04
B-25227,"$4,761 ","$2,231 ",12,Furniture,Tables,UPI,08-Apr-20,Donald Perry,Florida,Orlando,2020-04
B-25669,"$5,899 ","$2,264 ",6,Office Supplies,Binders,EMI,20-Oct-23,Adam Stevens,New York,Buffalo,2023-10
B-25064,"$6,109 ","$3,040 ",9,Furniture,Chairs,EMI,10-Feb-22,Kimberly Johnson,New York,Buffalo,2022-02
B-25064,"$6,109 ","$3,040 ",9,Furniture,Chairs,EMI,05-Oct-23,Kelly Jones,New York,Rochester,2023-10
B-25064,"$4,628 ","$1,491 ",17,Electronics,Electronic Games,UPI,10-Feb-22,Kimberly Johnson,New York,Buffalo,2022-02
B-25064,"$4,628 ","$1,491 ",17,Electronics,Electronic Games,UPI,05-Oct-23,Kelly Jones,New York,Rochester,2023-10
B-26268,"$4,369 ",$584 ,13,Office Supplies,Pens,Credit Card,22-Sep-22,Ashley Petty,Illinois,Peoria,2022-09
B-26268,"$4,369 ",$584 ,13,Office Supplies,Pens,Credit Card,03-Apr-21,Crystal Ross,Texas,Austin,2021-04
B-25456,"$5,632 ","$2,358 ",20,Furniture,Sofas,Credit Card,03-May-21,Alexis Duffy,California,Los Angeles,2021-05
B-25456,"$5,632 ","$2,358 ",20,Furniture,Sofas,Credit Card,11-Feb-24,Stephanie Sanchez,Florida,Miami,2024-02
B-25456,"$5,632 ","$2,358 ",20,Furniture,Sofas,Credit Card,04-Feb-25,Reginald Espinoza,Ohio,Cleveland,2025-02
B-25495,"$7,519 ",$402 ,14,Office Supplies,Paper,UPI,12-Oct-22,Sandra Hicks,California,San Diego,2022-10
B-25495,"$1,564 ",$674 ,13,Electronics,Electronic Games,Debit Card,12-Oct-22,Sandra Hicks,California,San Diego,2022-10
B-26552,"$2,804 ",$936 ,10,Electronics,Electronic Games,Credit Card,06-Feb-22,Olivia Orozco,Texas,Austin,2022-02
B-26552,"$2,804 ",$936 ,10,Electronics,Electronic Games,Credit Card,09-Nov-20,Larry Moore,Florida,Tampa,2020-11
B-26552,"$2,804 ",$936 ,10,Electronics,Electronic Games,Credit Card,03-May-23,Mrs. Rachel Cannon DDS,Florida,Tampa,2023-05
B-25203,"$2,321 ",$505 ,6,Furniture,Chairs,EMI,04-Oct-22,Daniel Flowers,Illinois,Springfield,2022-10
B-25462,"$5,730 ",$482 ,6,Electronics,Laptops,COD,21-Aug-24,Randy Acosta,Florida,Tampa,2024-08
B-26145,"$7,441 ",$867 ,12,Furniture,Sofas,COD,20-Nov-21,Deborah Williams,Illinois,Chicago,2021-11
B-26145,"$7,441 ",$867 ,12,Furniture,Sofas,COD,13-May-20,Robert Michael,Texas,Austin,2020-05
B-25552,"$1,732 ",$766 ,7,Office Supplies,Binders,UPI,28-Feb-23,Danny Ramirez,New York,New York City,2023-02
B-25552,"$8,788 ","$3,944 ",19,Office Supplies,Paper,EMI,28-Feb-23,Danny Ramirez,New York,New York City,2023-02
B-26069,$838 ,$271 ,11,Office Supplies,Markers,EMI,21-Jan-21,Stephen Baker,Ohio,Columbus,2021-01
B-26069,$838 ,$271 ,11,Office Supplies,Markers,EMI,28-Feb-22,Jeffrey Wilcox,Illinois,Peoria,2022-02
B-26069,"$3,577 ",$699 ,2,Furniture,Tables,UPI,21-Jan-21,Stephen Baker,Ohio,Columbus,2021-01
B-26069,"$3,577 ",$699 ,2,Furniture,Tables,UPI,28-Feb-22,Jeffrey Wilcox,Illinois,Peoria,2022-02
B-25120,"$7,122 ","$1,836 ",6,Electronics,Phones,Debit Card,25-Apr-24,James Clarke,Texas,Dallas,2024-04
B-25120,"$7,122 ","$1,836 ",6,Electronics,Phones,Debit Card,10-Mar-23,Julia Gallagher,Texas,Houston,2023-03
B-25120,"$7,122 ","$1,836 ",6,Electronics,Phones,Debit Card,10-Jul-23,Ronald Frey Jr.,New York,New York City,2023-07
B-25120,"$7,327 ","$2,596 ",15,Office Supplies,Markers,Credit Card,25-Apr-24,James Clarke,Texas,Dallas,2024-04
B-25120,"$7,327 ","$2,596 ",15,Office Supplies,Markers,Credit Card,10-Mar-23,Julia Gallagher,Texas,Houston,2023-03
B-25120,"$7,327 ","$2,596 ",15,Office Supplies,Markers,Credit Card,10-Jul-23,Ronald Frey Jr.,New York,New York City,2023-07
B-26146,"$2,239 ","$1,094 ",18,Electronics,Printers,COD,28-Jul-24,Megan Charles,Florida,Tampa,2024-07
B-26146,"$4,932 ","$1,153 ",1,Office Supplies,Markers,COD,28-Jul-24,Megan Charles,Florida,Tampa,2024-07
B-25549,"$4,609 ","$1,084 ",8,Electronics,Printers,UPI,30-Jul-23,Amy Duran MD,Florida,Orlando,2023-07
B-25549,"$2,328 ",$788 ,4,Office Supplies,Paper,UPI,30-Jul-23,Amy Duran MD,Florida,Orlando,2023-07
B-25549,"$4,734 ",$958 ,7,Electronics,Printers,Debit Card,30-Jul-23,Amy Duran MD,Florida,Orlando,2023-07
B-25488,"$1,388 ",$345 ,5,Furniture,Sofas,UPI,05-Oct-24,Christopher Thomas,New York,New York City,2024-10
B-25488,"$8,555 ","$1,638 ",8,Electronics,Laptops,Credit Card,05-Oct-24,Christopher Thomas,New York,New York City,2024-10
B-26885,"$9,024 ",$730 ,4,Furniture,Tables,Credit Card,20-Feb-24,Peter Castro,Texas,Dallas,2024-02
B-26885,"$2,468 ",$418 ,4,Electronics,Laptops,Credit Card,20-Feb-24,Peter Castro,Texas,Dallas,2024-02
B-25703,"$9,438 ","$1,801 ",4,Electronics,Electronic Games,COD,19-Apr-23,Steven Acosta,Florida,Orlando,2023-04
B-25703,"$9,438 ","$1,801 ",4,Electronics,Electronic Games,COD,29-Oct-23,Lindsay Jackson,Texas,Austin,2023-10
B-25809,"$2,685 ",$379 ,18,Electronics,Phones,UPI,08-Mar-22,Kelly Smith,Ohio,Cleveland,2022-03
B-25809,"$2,685 ",$379 ,18,Electronics,Phones,UPI,08-Dec-22,Sabrina Hartman,Florida,Tampa,2022-12
B-25809,"$9,916 ","$4,602 ",14,Furniture,Chairs,UPI,08-Mar-22,Kelly Smith,Ohio,Cleveland,2022-03
B-25809,"$9,916 ","$4,602 ",14,Furniture,Chairs,UPI,08-Dec-22,Sabrina Hartman,Florida,Tampa,2022-12
B-25809,"$6,184 ",$50 ,14,Electronics,Electronic Games,Credit Card,08-Mar-22,Kelly Smith,Ohio,Cleveland,2022-03
B-25809,"$6,184 ",$50 ,14,Electronics,Electronic Games,Credit Card,08-Dec-22,Sabrina Hartman,Florida,Tampa,2022-12
B-25809,"$4,548 ","$2,135 ",8,Office Supplies,Markers,Debit Card,08-Mar-22,Kelly Smith,Ohio,Cleveland,2022-03
B-25809,"$4,548 ","$2,135 ",8,Office Supplies,Markers,Debit Card,08-Dec-22,Sabrina Hartman,Florida,Tampa,2022-12
B-25477,"$7,195 ","$1,665 ",7,Office Supplies,Markers,COD,27-Jul-24,Cynthia Smith,New York,Rochester,2024-07
B-25477,"$7,195 ","$1,665 ",7,Office Supplies,Markers,COD,05-Jul-22,Olivia Dickerson,New York,Buffalo,2022-07
B-26018,"$3,098 ",$957 ,18,Furniture,Bookcases,COD,04-Jul-24,Whitney Stout,Texas,Austin,2024-07
B-25329,"$5,412 ","$1,192 ",18,Furniture,Tables,Credit Card,28-Feb-24,Stephanie Flores,California,San Diego,2024-02
B-25329,"$5,412 ","$1,192 ",18,Furniture,Tables,Credit Card,03-Jan-25,Gregory English,California,Los Angeles,2025-01
B-25182,"$1,397 ",$686 ,11,Furniture,Chairs,Credit Card,07-Dec-21,Natalie Maxwell,New York,New York City,2021-12
B-25492,"$9,279 ",$552 ,14,Furniture,Chairs,EMI,14-Dec-21,Tina Blake,New York,Buffalo,2021-12
B-25492,"$9,279 ",$552 ,14,Furniture,Chairs,EMI,30-Nov-20,Clarence Cooke,California,San Francisco,2020-11
B-25492,"$2,596 ","$1,003 ",19,Office Supplies,Paper,Credit Card,14-Dec-21,Tina Blake,New York,Buffalo,2021-12
B-25492,"$2,596 ","$1,003 ",19,Office Supplies,Paper,Credit Card,30-Nov-20,Clarence Cooke,California,San Francisco,2020-11
B-25517,"$6,732 ",$911 ,19,Furniture,Bookcases,EMI,29-Dec-21,Tamara Guzman,New York,Buffalo,2021-12
B-25517,"$4,495 ","$1,408 ",14,Office Supplies,Pens,EMI,29-Dec-21,Tamara Guzman,New York,Buffalo,2021-12
B-25200,"$9,653 ","$2,471 ",6,Office Supplies,Paper,UPI,08-Jul-24,Marissa Hartman,New York,Buffalo,2024-07
B-26009,"$8,945 ","$1,728 ",10,Furniture,Tables,UPI,10-Feb-21,Sara Garcia,Illinois,Peoria,2021-02
B-26580,"$4,007 ",$201 ,13,Furniture,Bookcases,COD,21-Oct-20,Kathryn Rogers,Ohio,Columbus,2020-10
B-26580,"$4,007 ",$201 ,13,Furniture,Bookcases,COD,17-Apr-23,Kyle Dickson,Texas,Dallas,2023-04
B-25679,$810 ,$231 ,18,Furniture,Bookcases,EMI,21-Oct-20,Jacob Decker,Florida,Tampa,2020-10
B-26034,"$9,789 ","$2,071 ",18,Furniture,Bookcases,Debit Card,28-Dec-23,Aaron Johnson,New York,Rochester,2023-12
B-26034,"$9,229 ","$4,090 ",8,Electronics,Electronic Games,COD,28-Dec-23,Aaron Johnson,New York,Rochester,2023-12
B-25148,"$8,141 ","$3,968 ",18,Office Supplies,Markers,Debit Card,23-Dec-22,William Morse,New York,Rochester,2022-12
B-25148,"$8,141 ","$3,968 ",18,Office Supplies,Markers,Debit Card,10-Aug-22,Carrie Smith,Illinois,Peoria,2022-08
B-25148,"$1,067 ",$251 ,14,Furniture,Sofas,EMI,23-Dec-22,William Morse,New York,Rochester,2022-12
B-25148,"$1,067 ",$251 ,14,Furniture,Sofas,EMI,10-Aug-22,Carrie Smith,Illinois,Peoria,2022-08
B-25830,"$3,839 ","$1,415 ",10,Office Supplies,Binders,UPI,17-Oct-23,Vincent Roth,California,Los Angeles,2023-10
B-25830,"$3,839 ","$1,415 ",10,Office Supplies,Binders,UPI,28-Feb-22,Andrew Benson,Florida,Orlando,2022-02
B-25762,"$2,858 ",$482 ,13,Electronics,Electronic Games,COD,24-May-24,Jason Wilson,Texas,Austin,2024-05
B-26794,"$2,137 ",$638 ,12,Furniture,Bookcases,Debit Card,02-Oct-20,Colin Patterson,New York,New York City,2020-10
B-26794,"$2,831 ","$1,289 ",12,Furniture,Chairs,Debit Card,02-Oct-20,Colin Patterson,New York,New York City,2020-10
B-25011,"$3,913 ",$961 ,15,Furniture,Sofas,UPI,10-Feb-24,Eric Bates,Ohio,Columbus,2024-02
B-25011,"$3,913 ",$961 ,15,Furniture,Sofas,UPI,06-Feb-21,Steven Keith,California,San Francisco,2021-02
B-25515,"$4,468 ","$1,940 ",9,Office Supplies,Paper,COD,16-Mar-22,Seth Rodriguez,Florida,Tampa,2022-03
B-25369,"$1,579 ",$602 ,9,Electronics,Laptops,Credit Card,24-May-20,Lauren Jones,Ohio,Cincinnati,2020-05
B-25369,"$1,579 ",$602 ,9,Electronics,Laptops,Credit Card,16-Feb-25,Thomas Wallace,Texas,Dallas,2025-02
B-25369,"$1,579 ",$602 ,9,Electronics,Laptops,Credit Card,16-Nov-21,Mr. Daniel Wilson,Ohio,Cincinnati,2021-11
B-25369,"$1,579 ",$602 ,9,Electronics,Laptops,Credit Card,08-Sep-24,Julie Smith MD,New York,Rochester,2024-09
B-25369,"$3,760 ","$1,849 ",19,Furniture,Chairs,EMI,24-May-20,Lauren Jones,Ohio,Cincinnati,2020-05
B-25369,"$3,760 ","$1,849 ",19,Furniture,Chairs,EMI,16-Feb-25,Thomas Wallace,Texas,Dallas,2025-02
B-25369,"$3,760 ","$1,849 ",19,Furniture,Chairs,EMI,16-Nov-21,Mr. Daniel Wilson,Ohio,Cincinnati,2021-11
B-25369,"$3,760 ","$1,849 ",19,Furniture,Chairs,EMI,08-Sep-24,Julie Smith MD,New York,Rochester,2024-09
B-26222,"$8,706 ","$3,099 ",14,Office Supplies,Pens,Credit Card,29-Jun-22,Carol Mitchell,Illinois,Chicago,2022-06
B-26222,"$4,708 ",$696 ,14,Electronics,Electronic Games,Credit Card,29-Jun-22,Carol Mitchell,Illinois,Chicago,2022-06
B-26222,"$8,089 ","$3,132 ",17,Furniture,Chairs,COD,29-Jun-22,Carol Mitchell,Illinois,Chicago,2022-06
B-25316,"$5,462 ",$673 ,12,Electronics,Printers,Debit Card,03-Nov-22,John Thompson,Texas,Austin,2022-11
B-25507,"$6,392 ",$444 ,18,Electronics,Electronic Games,Credit Card,28-Nov-23,Debra Rodriguez,Florida,Tampa,2023-11
B-25846,"$8,706 ","$1,724 ",3,Electronics,Electronic Games,Debit Card,25-Apr-20,Erin Vasquez,Florida,Orlando,2020-04
B-25763,"$2,349 ",$319 ,4,Office Supplies,Pens,UPI,18-Jan-22,Clayton Lara,Florida,Miami,2022-01
B-25763,"$8,220 ","$3,882 ",14,Furniture,Chairs,UPI,18-Jan-22,Clayton Lara,Florida,Miami,2022-01
B-25763,"$2,379 ",$279 ,7,Furniture,Chairs,Debit Card,18-Jan-22,Clayton Lara,Florida,Miami,2022-01
B-25763,"$7,377 ","$2,049 ",4,Office Supplies,Markers,UPI,18-Jan-22,Clayton Lara,Florida,Miami,2022-01
B-25465,$717 ,$158 ,16,Furniture,Tables,Credit Card,23-Mar-22,Tony Ray,Ohio,Cleveland,2022-03
B-25465,$717 ,$158 ,16,Furniture,Tables,Credit Card,24-Jun-20,Steven Frey,Florida,Miami,2020-06
B-25465,$717 ,$158 ,16,Furniture,Tables,Credit Card,23-Dec-22,Stephanie Leonard,New York,Buffalo,2022-12
B-25465,$717 ,$158 ,16,Furniture,Tables,Credit Card,24-Nov-24,Crystal Chambers,New York,New York City,2024-11
B-25465,$717 ,$158 ,16,Furniture,Tables,Credit Card,06-Nov-20,Robert White,Florida,Orlando,2020-11
B-25465,$717 ,$158 ,16,Furniture,Tables,Credit Card,24-Oct-23,Sylvia Barron,New York,Rochester,2023-10
B-25465,$508 ,$177 ,17,Furniture,Sofas,UPI,23-Mar-22,Tony Ray,Ohio,Cleveland,2022-03
B-25465,$508 ,$177 ,17,Furniture,Sofas,UPI,24-Jun-20,Steven Frey,Florida,Miami,2020-06
B-25465,$508 ,$177 ,17,Furniture,Sofas,UPI,23-Dec-22,Stephanie Leonard,New York,Buffalo,2022-12
B-25465,$508 ,$177 ,17,Furniture,Sofas,UPI,24-Nov-24,Crystal Chambers,New York,New York City,2024-11
B-25465,$508 ,$177 ,17,Furniture,Sofas,UPI,06-Nov-20,Robert White,Florida,Orlando,2020-11
B-25465,$508 ,$177 ,17,Furniture,Sofas,UPI,24-Oct-23,Sylvia Barron,New York,Rochester,2023-10
B-26352,"$9,382 ","$1,085 ",3,Electronics,Printers,Debit Card,18-Jul-23,Marcus Brown,Illinois,Chicago,2023-07
B-26352,"$9,382 ","$1,085 ",3,Electronics,Printers,Debit Card,16-May-22,Annette Pierce,New York,Rochester,2022-05
B-26352,"$4,936 ",$576 ,19,Furniture,Tables,COD,18-Jul-23,Marcus Brown,Illinois,Chicago,2023-07
B-26352,"$4,936 ",$576 ,19,Furniture,Tables,COD,16-May-22,Annette Pierce,New York,Rochester,2022-05
B-26528,"$2,663 ",$64 ,19,Furniture,Sofas,COD,16-Jun-24,Donald Hernandez,California,San Francisco,2024-06
B-26528,"$2,663 ",$64 ,19,Furniture,Sofas,COD,23-Oct-21,Megan Davis,Ohio,Cleveland,2021-10
B-26670,"$5,151 ","$1,680 ",5,Electronics,Printers,EMI,22-Oct-22,Robert Brooks,Texas,Houston,2022-10
B-25331,"$2,514 ",$95 ,8,Office Supplies,Pens,UPI,17-Jul-23,Miguel Alvarez,New York,Rochester,2023-07
B-25832,"$6,129 ","$2,976 ",2,Electronics,Laptops,EMI,24-Feb-25,Jennifer Arnold,New York,New York City,2025-02
B-25832,"$4,395 ","$1,663 ",3,Furniture,Bookcases,COD,24-Feb-25,Jennifer Arnold,New York,New York City,2025-02
B-25897,"$5,393 ","$2,642 ",8,Furniture,Chairs,UPI,07-Mar-21,Jessica Blankenship,Ohio,Cincinnati,2021-03
B-25713,"$2,280 ",$509 ,8,Electronics,Phones,Credit Card,03-Jan-21,Peggy Campos,New York,Buffalo,2021-01
B-25065,"$6,596 ","$1,439 ",9,Office Supplies,Paper,Debit Card,03-May-23,Craig Ortega,Ohio,Cincinnati,2023-05
B-25949,"$4,510 ","$1,896 ",5,Office Supplies,Paper,EMI,25-Oct-23,Johnny Simon,California,Los Angeles,2023-10
B-26033,"$6,077 ","$2,378 ",18,Electronics,Phones,COD,21-Aug-22,Keith Brooks,New York,New York City,2022-08
B-26017,"$5,379 ","$2,510 ",17,Electronics,Printers,COD,16-Apr-22,Jason Martinez,Ohio,Columbus,2022-04
B-26926,"$4,629 ","$1,660 ",16,Office Supplies,Markers,EMI,02-Apr-23,Steven Herrera,California,San Diego,2023-04
B-26258,"$2,710 ",$555 ,20,Electronics,Laptops,Debit Card,21-Oct-24,Beverly Lamb,Illinois,Chicago,2024-10
B-26258,"$3,224 ","$1,018 ",14,Office Supplies,Binders,UPI,21-Oct-24,Beverly Lamb,Illinois,Chicago,2024-10
B-26240,"$8,042 ",$936 ,15,Office Supplies,Markers,EMI,09-Jul-21,Michael Williams,Illinois,Springfield,2021-07
B-26240,"$8,042 ",$936 ,15,Office Supplies,Markers,EMI,08-Apr-22,Zachary Carpenter,California,Los Angeles,2022-04
B-26922,"$3,957 ",$151 ,10,Office Supplies,Binders,EMI,30-Apr-22,Timothy Baker,Texas,Austin,2022-04
B-26894,"$8,769 ","$3,178 ",16,Office Supplies,Markers,Debit Card,20-Jan-23,Adam James,Illinois,Chicago,2023-01
B-25330,"$2,957 ",$917 ,16,Office Supplies,Pens,Debit Card,17-Nov-24,Katrina Wood,Illinois,Chicago,2024-11
B-26288,"$5,344 ","$2,607 ",6,Office Supplies,Paper,Debit Card,23-Apr-22,James Murray,Texas,Dallas,2022-04
B-26288,"$5,344 ","$2,607 ",6,Office Supplies,Paper,Debit Card,18-Feb-25,Mr. Nathaniel Reeves,New York,Rochester,2025-02
B-25228,"$6,061 ","$2,121 ",19,Electronics,Laptops,EMI,27-May-21,Jodi Wood,Ohio,Cleveland,2021-05
B-25228,"$6,061 ","$2,121 ",19,Electronics,Laptops,EMI,17-Jan-22,Dr. Thomas Peterson,California,San Diego,2022-01
B-26457,"$5,376 ","$1,928 ",7,Furniture,Tables,Credit Card,15-Jan-25,Mario Hall,New York,New York City,2025-01
B-25790,"$2,792 ","$1,008 ",8,Electronics,Printers,COD,14-Feb-21,Justin Rosales,Florida,Miami,2021-02
B-25868,"$2,944 ",$249 ,5,Office Supplies,Binders,Credit Card,31-Aug-24,Autumn Lee,Ohio,Columbus,2024-08
B-25868,"$2,944 ",$249 ,5,Office Supplies,Binders,Credit Card,26-Dec-22,Victoria Duran,Texas,Dallas,2022-12
B-25381,"$4,220 ",$945 ,13,Office Supplies,Markers,EMI,21-Mar-24,Barry Garcia,Illinois,Springfield,2024-03
B-25381,"$4,220 ",$945 ,13,Office Supplies,Markers,EMI,15-Dec-20,Dawn Webb,Illinois,Peoria,2020-12
B-25153,"$8,526 ","$1,704 ",4,Office Supplies,Binders,Debit Card,21-Mar-23,Patricia Sanford,Texas,Austin,2023-03
B-26576,"$8,218 ","$1,430 ",19,Furniture,Bookcases,Credit Card,08-Jun-23,William Walters,California,San Francisco,2023-06
B-26526,$599 ,$265 ,4,Electronics,Phones,Credit Card,17-Jul-22,Emma Scott,New York,Buffalo,2022-07
B-26526,$599 ,$265 ,4,Electronics,Phones,Credit Card,05-Dec-24,Sabrina Buckley,New York,Rochester,2024-12
B-26526,"$2,727 ",$543 ,10,Furniture,Bookcases,Credit Card,17-Jul-22,Emma Scott,New York,Buffalo,2022-07
B-26526,"$2,727 ",$543 ,10,Furniture,Bookcases,Credit Card,05-Dec-24,Sabrina Buckley,New York,Rochester,2024-12
B-25819,"$2,589 ",$605 ,11,Office Supplies,Pens,EMI,02-Nov-23,Robert Rojas,California,San Francisco,2023-11
B-25819,"$2,589 ",$605 ,11,Office Supplies,Pens,EMI,05-Oct-24,Eric Johnson,Ohio,Cleveland,2024-10
B-25698,"$3,776 ","$1,100 ",9,Electronics,Electronic Games,EMI,13-Nov-22,Heather Parker,Texas,Austin,2022-11
B-25698,"$3,776 ","$1,100 ",9,Electronics,Electronic Games,EMI,28-Dec-22,Thomas Matthews,Illinois,Peoria,2022-12
B-26820,"$5,402 ","$1,666 ",12,Furniture,Bookcases,EMI,26-Feb-25,Kimberly Beard,Ohio,Cleveland,2025-02
B-25396,"$5,165 ",$885 ,16,Office Supplies,Pens,EMI,12-Nov-22,Lydia Donovan,Illinois,Peoria,2022-11
B-25396,"$4,863 ","$2,394 ",4,Furniture,Bookcases,EMI,12-Nov-22,Lydia Donovan,Illinois,Peoria,2022-11
B-25529,"$1,626 ",$258 ,15,Office Supplies,Pens,EMI,07-Jun-21,Edward Johnson,Florida,Orlando,2021-06
B-26501,"$8,851 ","$3,962 ",7,Furniture,Tables,EMI,26-Sep-20,Ricky Smith,Florida,Miami,2020-09
B-26910,"$9,680 ","$3,295 ",9,Furniture,Tables,COD,29-Apr-24,Mr. Ralph Garcia Jr.,New York,Rochester,2024-04
B-26910,"$8,468 ","$3,666 ",8,Office Supplies,Pens,UPI,29-Apr-24,Mr. Ralph Garcia Jr.,New York,Rochester,2024-04
B-26910,"$4,441 ",$314 ,14,Furniture,Chairs,Debit Card,29-Apr-24,Mr. Ralph Garcia Jr.,New York,Rochester,2024-04
B-25978,"$6,622 ","$2,673 ",8,Furniture,Sofas,COD,10-Apr-24,Malik Walker,New York,New York City,2024-04
B-26537,"$3,260 ",$207 ,17,Furniture,Tables,UPI,21-Dec-23,Tanya Walker,California,San Diego,2023-12
B-25881,"$8,709 ","$2,322 ",8,Furniture,Tables,Debit Card,02-May-24,Sherri Ferguson DVM,Texas,Austin,2024-05
B-25881,"$8,709 ","$2,322 ",8,Furniture,Tables,Debit Card,21-Nov-24,Kristin Hart,California,San Francisco,2024-11
B-25237,"$5,250 ",$187 ,1,Office Supplies,Binders,COD,17-Mar-22,Jim Johnson,Ohio,Cincinnati,2022-03
B-25237,"$5,250 ",$187 ,1,Office Supplies,Binders,COD,14-May-23,David Hamilton,Texas,Houston,2023-05
B-26122,"$4,116 ",$921 ,20,Office Supplies,Paper,UPI,07-Oct-24,Michael Jimenez,California,Los Angeles,2024-10
B-26122,"$4,116 ",$921 ,20,Office Supplies,Paper,UPI,08-Sep-20,Angela Norman,Illinois,Springfield,2020-09
B-25709,"$1,109 ",$418 ,15,Office Supplies,Paper,UPI,19-Aug-21,Denise Mcdaniel,California,Los Angeles,2021-08
B-26656,"$3,573 ",$562 ,7,Office Supplies,Pens,EMI,12-Oct-22,Michael Rodriguez,New York,Rochester,2022-10
B-26656,"$3,573 ",$562 ,7,Office Supplies,Pens,EMI,23-May-20,Matthew Huff,California,San Diego,2020-05
B-26656,"$3,573 ",$562 ,7,Office Supplies,Pens,EMI,18-Apr-20,Linda Little,Florida,Tampa,2020-04
B-26656,"$8,055 ",$661 ,10,Electronics,Phones,EMI,12-Oct-22,Michael Rodriguez,New York,Rochester,2022-10
B-26656,"$8,055 ",$661 ,10,Electronics,Phones,EMI,23-May-20,Matthew Huff,California,San Diego,2020-05
B-26656,"$8,055 ",$661 ,10,Electronics,Phones,EMI,18-Apr-20,Linda Little,Florida,Tampa,2020-04
B-25801,"$6,829 ","$2,609 ",2,Electronics,Laptops,EMI,04-Jun-22,Kerri Andrews,California,San Francisco,2022-06
B-25801,"$6,390 ","$3,089 ",12,Office Supplies,Paper,COD,04-Jun-22,Kerri Andrews,California,San Francisco,2022-06
B-25006,"$5,831 ","$1,574 ",17,Office Supplies,Pens,Debit Card,16-Nov-22,Jeffrey Johnson III,California,San Francisco,2022-11
B-25006,"$5,831 ","$1,574 ",17,Office Supplies,Pens,Debit Card,18-Jul-24,Daniel Dixon,California,San Diego,2024-07
B-25006,"$5,831 ","$1,574 ",17,Office Supplies,Pens,Debit Card,16-Jul-23,Tiffany Robinson,Florida,Miami,2023-07
B-26106,"$7,952 ","$3,865 ",8,Furniture,Sofas,Debit Card,10-Aug-20,Mr. Gregg Sawyer,Illinois,Peoria,2020-08
B-25789,"$3,659 ",$379 ,5,Furniture,Bookcases,UPI,22-Jun-24,John Silva,California,Los Angeles,2024-06
B-26292,"$4,183 ","$1,159 ",4,Office Supplies,Pens,Debit Card,13-Jul-20,Nathan Moss,Illinois,Springfield,2020-07
B-25895,"$7,478 ","$1,381 ",11,Electronics,Phones,EMI,16-Apr-24,Donald Medina,Texas,Houston,2024-04
B-25813,$702 ,$238 ,9,Electronics,Phones,COD,13-Mar-21,Charles Henderson,Florida,Tampa,2021-03
B-26863,"$4,037 ","$1,494 ",15,Furniture,Chairs,EMI,01-Apr-23,Brenda Davis,California,San Francisco,2023-04
B-25759,"$5,014 ","$2,332 ",2,Furniture,Chairs,COD,10-Nov-20,Leah Calderon,Illinois,Chicago,2020-11
B-26357,"$9,879 ","$4,930 ",15,Electronics,Laptops,Debit Card,08-Jun-23,Brandi Vasquez,New York,Rochester,2023-06
B-26819,"$8,762 ","$3,502 ",1,Electronics,Phones,Debit Card,17-Aug-21,Debra Richards,Florida,Tampa,2021-08
B-25502,"$8,490 ",$800 ,1,Office Supplies,Pens,EMI,24-May-20,Tammy Day,New York,New York City,2020-05
B-25258,"$6,951 ",$164 ,10,Furniture,Sofas,UPI,12-Aug-21,Sheila Clay,New York,Buffalo,2021-08
B-26878,"$1,078 ",$309 ,3,Electronics,Phones,Credit Card,03-Sep-22,Nicholas Flores,Ohio,Cleveland,2022-09
B-26878,"$1,078 ",$309 ,3,Electronics,Phones,Credit Card,01-Oct-20,Jasmin Jones,Illinois,Chicago,2020-10
B-25170,"$8,560 ","$2,166 ",19,Office Supplies,Binders,EMI,27-May-22,Matthew Gardner,Florida,Tampa,2022-05
B-25170,"$1,031 ",$318 ,20,Electronics,Electronic Games,UPI,27-May-22,Matthew Gardner,Florida,Tampa,2022-05
B-26842,"$6,402 ","$2,770 ",19,Office Supplies,Markers,Debit Card,10-Mar-24,Joseph Perkins,Florida,Orlando,2024-03
B-26842,"$6,402 ","$2,770 ",19,Office Supplies,Markers,Debit Card,05-Oct-23,Ashley Adams MD,Florida,Orlando,2023-10
B-26842,"$5,916 ","$1,594 ",19,Electronics,Printers,Debit Card,10-Mar-24,Joseph Perkins,Florida,Orlando,2024-03
B-26842,"$5,916 ","$1,594 ",19,Electronics,Printers,Debit Card,05-Oct-23,Ashley Adams MD,Florida,Orlando,2023-10
B-26599,"$4,015 ","$1,751 ",15,Furniture,Chairs,Debit Card,28-Aug-22,Cheryl Stevens,California,San Francisco,2022-08
B-26599,"$4,015 ","$1,751 ",15,Furniture,Chairs,Debit Card,08-Sep-20,Jorge George,New York,New York City,2020-09
B-25705,"$9,335 ",$557 ,11,Electronics,Electronic Games,COD,27-Apr-21,Ann Mooney,California,Los Angeles,2021-04
B-26366,"$4,706 ",$594 ,11,Office Supplies,Binders,COD,21-Aug-21,James Mendoza,Ohio,Cleveland,2021-08
B-26366,"$4,706 ",$594 ,11,Office Supplies,Binders,COD,16-May-21,Kaitlin Garrison,Ohio,Columbus,2021-05
B-26366,"$6,584 ",$371 ,6,Office Supplies,Markers,UPI,21-Aug-21,James Mendoza,Ohio,Cleveland,2021-08
B-26366,"$6,584 ",$371 ,6,Office Supplies,Markers,UPI,16-May-21,Kaitlin Garrison,Ohio,Columbus,2021-05
B-26116,"$6,389 ",$734 ,1,Furniture,Sofas,EMI,15-Jan-22,Jeremy Jackson,Texas,Dallas,2022-01
B-26443,"$9,869 ","$4,299 ",12,Electronics,Printers,Debit Card,21-Mar-23,Dale Craig,California,San Diego,2023-03
B-26443,"$9,869 ","$4,299 ",12,Electronics,Printers,Debit Card,28-Dec-23,Joseph Hooper,New York,Buffalo,2023-12
B-25955,$655 ,$297 ,4,Office Supplies,Markers,Debit Card,15-Feb-22,Alexander Adams,New York,Buffalo,2022-02
B-25955,$655 ,$297 ,4,Office Supplies,Markers,Debit Card,30-Nov-23,Ashlee Mills,Florida,Orlando,2023-11
B-26383,$798 ,$308 ,10,Electronics,Phones,Debit Card,12-Jan-23,Brittany Jenkins,New York,Buffalo,2023-01
B-26383,$798 ,$308 ,10,Electronics,Phones,Debit Card,19-May-23,Eddie Gonzales,Ohio,Cleveland,2023-05
B-26383,"$7,967 ","$2,504 ",13,Electronics,Printers,EMI,12-Jan-23,Brittany Jenkins,New York,Buffalo,2023-01
B-26383,"$7,967 ","$2,504 ",13,Electronics,Printers,EMI,19-May-23,Eddie Gonzales,Ohio,Cleveland,2023-05
B-26999,"$3,756 ","$1,318 ",5,Furniture,Tables,UPI,19-Feb-24,Edward Valencia,Florida,Miami,2024-02
B-26712,"$5,196 ","$2,477 ",1,Office Supplies,Markers,UPI,01-Dec-21,Emma Bruce,Texas,Austin,2021-12
B-26712,"$6,586 ","$1,794 ",19,Furniture,Bookcases,Debit Card,01-Dec-21,Emma Bruce,Texas,Austin,2021-12
B-26066,"$6,673 ",$950 ,19,Office Supplies,Markers,EMI,19-Dec-24,Carl Wade DDS,New York,Buffalo,2024-12
B-25996,$714 ,$232 ,14,Furniture,Tables,UPI,18-Jan-23,Brandon Alvarado,Ohio,Columbus,2023-01
B-25996,$714 ,$232 ,14,Furniture,Tables,UPI,23-Dec-20,Jennifer Clark,Texas,Austin,2020-12
B-26924,"$1,083 ",$501 ,6,Office Supplies,Pens,COD,28-Feb-21,David Johnson,Texas,Austin,2021-02
B-25541,"$2,401 ","$1,163 ",10,Furniture,Bookcases,UPI,04-May-23,April Marquez,Ohio,Cleveland,2023-05
B-25541,"$2,401 ","$1,163 ",10,Furniture,Bookcases,UPI,22-Apr-20,Joseph Guerrero,California,Los Angeles,2020-04
B-25541,"$2,401 ","$1,163 ",10,Furniture,Bookcases,UPI,13-Aug-21,Michael Hanson,New York,Rochester,2021-08
B-25541,"$1,045 ",$267 ,11,Electronics,Phones,Debit Card,04-May-23,April Marquez,Ohio,Cleveland,2023-05
B-25541,"$1,045 ",$267 ,11,Electronics,Phones,Debit Card,22-Apr-20,Joseph Guerrero,California,Los Angeles,2020-04
B-25541,"$1,045 ",$267 ,11,Electronics,Phones,Debit Card,13-Aug-21,Michael Hanson,New York,Rochester,2021-08
B-25196,"$7,806 ","$1,127 ",1,Office Supplies,Markers,Credit Card,20-Jul-23,William Hill,Texas,Dallas,2023-07
B-25855,"$5,263 ","$1,743 ",19,Furniture,Sofas,Credit Card,28-Aug-22,Kelsey Huber,Florida,Miami,2022-08
B-25071,"$6,147 ","$2,526 ",6,Office Supplies,Pens,Debit Card,14-Mar-23,Hailey Chandler,Texas,Dallas,2023-03
B-26159,"$7,484 ","$2,871 ",15,Electronics,Phones,UPI,07-Nov-23,Cheyenne Rose,Florida,Orlando,2023-11
B-26159,"$7,484 ","$2,871 ",15,Electronics,Phones,UPI,16-Apr-24,Richard Petersen,Illinois,Chicago,2024-04
B-26159,"$7,700 ","$2,712 ",1,Furniture,Sofas,Credit Card,07-Nov-23,Cheyenne Rose,Florida,Orlando,2023-11
B-26159,"$7,700 ","$2,712 ",1,Furniture,Sofas,Credit Card,16-Apr-24,Richard Petersen,Illinois,Chicago,2024-04
B-26228,"$8,537 ","$3,586 ",13,Office Supplies,Markers,UPI,16-Sep-22,Kathryn Gray,New York,Rochester,2022-09
B-25888,"$8,858 ","$3,394 ",6,Furniture,Chairs,COD,31-Oct-24,Victor Collins,California,San Diego,2024-10
B-25574,"$5,313 ","$2,037 ",7,Electronics,Printers,Debit Card,25-Nov-24,Jason Hernandez,California,San Francisco,2024-11
B-25574,"$5,313 ","$2,037 ",7,Electronics,Printers,Debit Card,29-Oct-21,Jacob Torres,Texas,Houston,2021-10
B-26938,"$3,281 ",$471 ,7,Furniture,Sofas,EMI,27-Dec-23,Erin Hernandez,California,Los Angeles,2023-12
B-26938,"$3,281 ",$471 ,7,Furniture,Sofas,EMI,25-Jun-23,Jacob Guzman,Illinois,Peoria,2023-06
B-26379,"$8,681 ","$2,458 ",9,Office Supplies,Pens,Credit Card,01-Sep-20,Mike Armstrong,New York,New York City,2020-09
B-26623,"$6,195 ","$1,556 ",18,Furniture,Sofas,EMI,01-Feb-25,Cindy Rowland,Illinois,Springfield,2025-02
B-25566,"$3,877 ",$481 ,16,Furniture,Chairs,Debit Card,22-Jul-23,Kenneth Matthews,New York,Rochester,2023-07
B-25566,"$3,877 ",$481 ,16,Furniture,Chairs,Debit Card,04-Feb-22,Susan Valdez,New York,New York City,2022-02
B-26740,"$9,369 ","$3,297 ",6,Electronics,Printers,Debit Card,27-Sep-23,Stephanie Manning,Florida,Orlando,2023-09
B-26740,"$9,369 ","$3,297 ",6,Electronics,Printers,Debit Card,30-Jan-25,Logan Galloway,New York,New York City,2025-01
B-26740,"$8,680 ","$4,068 ",20,Electronics,Printers,Credit Card,27-Sep-23,Stephanie Manning,Florida,Orlando,2023-09
B-26740,"$8,680 ","$4,068 ",20,Electronics,Printers,Credit Card,30-Jan-25,Logan Galloway,New York,New York City,2025-01
B-26740,"$3,067 ","$1,475 ",8,Electronics,Laptops,UPI,27-Sep-23,Stephanie Manning,Florida,Orlando,2023-09
B-26740,"$3,067 ","$1,475 ",8,Electronics,Laptops,UPI,30-Jan-25,Logan Galloway,New York,New York City,2025-01
B-25024,"$9,002 ","$4,197 ",2,Office Supplies,Markers,EMI,15-Jan-25,Christopher Stone,Ohio,Cincinnati,2025-01
B-25024,"$9,002 ","$4,197 ",2,Office Supplies,Markers,EMI,28-Mar-21,Megan Pitts,Ohio,Columbus,2021-03
B-26367,"$7,105 ","$2,782 ",19,Office Supplies,Pens,COD,25-Dec-21,Richard Gardner,Ohio,Columbus,2021-12
B-26353,"$5,317 ","$1,345 ",18,Furniture,Chairs,Debit Card,03-Feb-23,Samuel Moore,Ohio,Columbus,2023-02
B-26353,"$5,317 ","$1,345 ",18,Furniture,Chairs,Debit Card,28-Apr-23,Robert Stokes,Florida,Orlando,2023-04
B-26353,"$5,317 ","$1,345 ",18,Furniture,Chairs,Debit Card,22-Nov-24,Danielle Ramirez,California,San Francisco,2024-11
B-26353,"$6,304 ",$766 ,14,Furniture,Tables,EMI,03-Feb-23,Samuel Moore,Ohio,Columbus,2023-02
B-26353,"$6,304 ",$766 ,14,Furniture,Tables,EMI,28-Apr-23,Robert Stokes,Florida,Orlando,2023-04
B-26353,"$6,304 ",$766 ,14,Furniture,Tables,EMI,22-Nov-24,Danielle Ramirez,California,San Francisco,2024-11
B-25742,"$9,565 ","$1,691 ",3,Office Supplies,Paper,Debit Card,02-Jul-24,Taylor White,Illinois,Springfield,2024-07
B-25742,"$8,245 ",$324 ,11,Office Supplies,Paper,EMI,02-Jul-24,Taylor White,Illinois,Springfield,2024-07
B-26965,"$1,592 ",$480 ,13,Electronics,Laptops,Debit Card,18-Jan-22,Jordan Krause,Ohio,Cleveland,2022-01
B-26038,"$8,400 ",$267 ,5,Electronics,Phones,Debit Card,08-Oct-24,Kimberly King,Ohio,Columbus,2024-10
B-26038,"$4,963 ","$1,254 ",15,Office Supplies,Paper,EMI,08-Oct-24,Kimberly King,Ohio,Columbus,2024-10
B-25317,"$2,472 ",$211 ,5,Electronics,Printers,COD,21-Jun-20,Sharon Russell,California,San Diego,2020-06
B-25970,"$9,132 ","$3,096 ",14,Furniture,Chairs,Debit Card,14-Dec-23,Kevin Cooper,Florida,Tampa,2023-12
B-25590,"$8,305 ","$1,577 ",6,Office Supplies,Binders,Debit Card,16-Dec-20,Darrell Ramos,New York,Rochester,2020-12
B-25580,"$1,010 ",$58 ,19,Electronics,Electronic Games,COD,15-Mar-25,Dr. Terry Alvarado,Florida,Tampa,2025-03
B-25443,"$4,544 ","$1,726 ",9,Electronics,Phones,EMI,21-Aug-24,Kathy Wilson,Texas,Dallas,2024-08
B-25443,"$5,900 ","$1,738 ",20,Electronics,Phones,UPI,21-Aug-24,Kathy Wilson,Texas,Dallas,2024-08
B-25774,"$8,861 ","$3,381 ",19,Office Supplies,Markers,Credit Card,27-May-21,Brandon Le,California,San Diego,2021-05
B-26505,"$8,158 ","$2,052 ",13,Electronics,Phones,Debit Card,21-Sep-20,Mary Wright,Ohio,Cincinnati,2020-09
B-25163,"$3,411 ","$1,704 ",14,Office Supplies,Pens,UPI,11-Jan-25,Douglas Reynolds,California,Los Angeles,2025-01
B-26095,"$9,406 ","$1,137 ",16,Office Supplies,Markers,UPI,20-Oct-21,Leroy Harris,Texas,Houston,2021-10
B-26095,"$1,156 ",$74 ,15,Electronics,Printers,EMI,20-Oct-21,Leroy Harris,Texas,Houston,2021-10
B-25768,"$5,354 ",$743 ,10,Furniture,Bookcases,UPI,19-Oct-21,Ricardo Dixon,Illinois,Springfield,2021-10
B-25328,"$8,780 ","$3,430 ",4,Electronics,Electronic Games,Credit Card,07-Jul-24,Debra Smith,Texas,Austin,2024-07
B-25328,"$8,780 ","$3,430 ",4,Electronics,Electronic Games,Credit Card,25-Jul-23,Jasmine James,Texas,Austin,2023-07
B-26573,"$6,783 ","$3,306 ",8,Furniture,Sofas,Debit Card,16-Apr-20,Felicia Morton,Ohio,Columbus,2020-04
B-25138,"$1,778 ",$285 ,4,Office Supplies,Pens,Credit Card,04-Jul-20,Sylvia Jenkins,New York,New York City,2020-07
B-26803,"$9,399 ","$1,949 ",12,Electronics,Printers,UPI,16-May-22,Elizabeth White,New York,Rochester,2022-05
B-26803,"$7,957 ",$965 ,4,Furniture,Sofas,Credit Card,16-May-22,Elizabeth White,New York,Rochester,2022-05
B-25101,"$1,638 ",$661 ,13,Furniture,Chairs,EMI,25-Nov-23,Steven Steele,Illinois,Springfield,2023-11
B-25827,"$1,786 ",$224 ,4,Furniture,Tables,COD,17-Aug-21,Amanda Ramirez,Texas,Dallas,2021-08
B-25792,"$4,751 ",$781 ,9,Office Supplies,Paper,EMI,02-Jul-23,Kyle Jackson,New York,Buffalo,2023-07
B-25646,"$8,979 ","$4,477 ",4,Office Supplies,Paper,Credit Card,24-Aug-20,Sharon Wilkins,Illinois,Chicago,2020-08
B-25043,"$2,727 ",$663 ,8,Electronics,Phones,Credit Card,07-Nov-22,Austin Hammond,Florida,Miami,2022-11
B-26598,"$1,093 ",$397 ,17,Electronics,Printers,Credit Card,27-Mar-24,Jessica Barajas,Illinois,Peoria,2024-03
B-26598,"$1,093 ",$397 ,17,Electronics,Printers,Credit Card,01-Sep-24,Jamie Jimenez,New York,Buffalo,2024-09
B-26598,"$1,093 ",$397 ,17,Electronics,Printers,Credit Card,22-Feb-22,James Carter,Ohio,Columbus,2022-02
B-26598,"$2,636 ",$88 ,11,Office Supplies,Paper,Debit Card,27-Mar-24,Jessica Barajas,Illinois,Peoria,2024-03
B-26598,"$2,636 ",$88 ,11,Office Supplies,Paper,Debit Card,01-Sep-24,Jamie Jimenez,New York,Buffalo,2024-09
B-26598,"$2,636 ",$88 ,11,Office Supplies,Paper,Debit Card,22-Feb-22,James Carter,Ohio,Columbus,2022-02
B-26643,"$7,344 ","$2,251 ",7,Electronics,Electronic Games,Debit Card,11-Feb-22,John Williams,Florida,Miami,2022-02
B-26643,"$7,306 ","$1,547 ",3,Office Supplies,Paper,COD,11-Feb-22,John Williams,Florida,Miami,2022-02
B-26643,"$5,832 ","$2,588 ",10,Electronics,Printers,COD,11-Feb-22,John Williams,Florida,Miami,2022-02
B-25992,"$8,572 ","$2,041 ",8,Furniture,Tables,EMI,27-May-21,Alicia Oneill,Illinois,Springfield,2021-05
B-25992,"$8,572 ","$2,041 ",8,Furniture,Tables,EMI,05-Jul-23,Rebecca Huff,Illinois,Springfield,2023-07
B-25992,"$8,572 ","$2,041 ",8,Furniture,Tables,EMI,27-Oct-20,Diana Scott,California,San Diego,2020-10
B-25992,"$8,059 ","$1,834 ",10,Electronics,Printers,Credit Card,27-May-21,Alicia Oneill,Illinois,Springfield,2021-05
B-25992,"$8,059 ","$1,834 ",10,Electronics,Printers,Credit Card,05-Jul-23,Rebecca Huff,Illinois,Springfield,2023-07
B-25992,"$8,059 ","$1,834 ",10,Electronics,Printers,Credit Card,27-Oct-20,Diana Scott,California,San Diego,2020-10
B-25532,"$3,661 ",$436 ,13,Furniture,Sofas,EMI,26-Jan-23,Brian Young,Texas,Austin,2023-01
B-25564,"$2,451 ",$342 ,8,Office Supplies,Paper,EMI,06-Sep-21,Susan Wright,California,Los Angeles,2021-09
B-25564,"$2,451 ",$342 ,8,Office Supplies,Paper,EMI,12-Nov-21,Kayla Banks,Ohio,Cincinnati,2021-11
B-25564,"$2,451 ",$342 ,8,Office Supplies,Paper,EMI,30-Jul-24,Zachary Pierce,Texas,Houston,2024-07
B-26543,"$7,067 ","$1,943 ",16,Furniture,Tables,Credit Card,15-Mar-22,Nicolas Owen,California,San Francisco,2022-03
B-25976,"$4,307 ",$615 ,3,Electronics,Electronic Games,UPI,15-Mar-24,Martha Carney,New York,New York City,2024-03
B-25976,"$4,307 ",$615 ,3,Electronics,Electronic Games,UPI,10-Nov-20,Francisco Hicks,Illinois,Springfield,2020-11
B-25976,"$5,694 ","$1,134 ",5,Furniture,Chairs,EMI,15-Mar-24,Martha Carney,New York,New York City,2024-03
B-25976,"$5,694 ","$1,134 ",5,Furniture,Chairs,EMI,10-Nov-20,Francisco Hicks,Illinois,Springfield,2020-11
B-25929,$962 ,$298 ,18,Office Supplies,Binders,Credit Card,23-Jul-22,Matthew Parker,Illinois,Springfield,2022-07
B-25497,"$2,995 ",$220 ,14,Furniture,Bookcases,Credit Card,13-Sep-24,Paul Bryant,New York,Buffalo,2024-09
B-25497,"$2,047 ",$914 ,5,Office Supplies,Markers,Debit Card,13-Sep-24,Paul Bryant,New York,Buffalo,2024-09
B-26735,"$2,078 ",$612 ,6,Electronics,Laptops,COD,25-Jan-22,Bruce Dennis,Texas,Austin,2022-01
B-25036,"$2,737 ","$1,253 ",3,Electronics,Printers,EMI,19-Apr-21,Joseph Bates,New York,New York City,2021-04
B-25971,"$8,194 ","$2,881 ",6,Office Supplies,Paper,Debit Card,18-Jul-21,Kelly Pacheco,Texas,Houston,2021-07
B-25441,"$9,914 ","$3,858 ",16,Furniture,Sofas,Credit Card,24-Jun-22,Jeffrey Weber,New York,Buffalo,2022-06
B-25441,"$9,914 ","$3,858 ",16,Furniture,Sofas,Credit Card,08-Jun-24,Andrew Krueger,New York,Rochester,2024-06
B-25441,"$5,470 ",$292 ,7,Office Supplies,Pens,Debit Card,24-Jun-22,Jeffrey Weber,New York,Buffalo,2022-06
B-25441,"$5,470 ",$292 ,7,Office Supplies,Pens,Debit Card,08-Jun-24,Andrew Krueger,New York,Rochester,2024-06
B-25441,"$1,496 ",$662 ,17,Furniture,Bookcases,UPI,24-Jun-22,Jeffrey Weber,New York,Buffalo,2022-06
B-25441,"$1,496 ",$662 ,17,Furniture,Bookcases,UPI,08-Jun-24,Andrew Krueger,New York,Rochester,2024-06
B-25823,"$3,228 ",$476 ,9,Office Supplies,Paper,COD,29-Sep-22,Kathleen Cox,New York,New York City,2022-09
B-25363,"$3,918 ",$749 ,8,Electronics,Laptops,Credit Card,10-May-23,Jamie Bradley,California,San Diego,2023-05
B-25363,"$3,918 ",$749 ,8,Electronics,Laptops,Credit Card,02-May-20,Robert Martinez,Texas,Houston,2020-05
B-26445,"$9,921 ","$1,451 ",15,Furniture,Sofas,EMI,12-Apr-21,Christopher Rogers,Illinois,Chicago,2021-04
B-26724,"$9,694 ","$4,361 ",1,Furniture,Chairs,EMI,04-Nov-23,Roberto Parrish,Illinois,Springfield,2023-11
B-25447,"$5,028 ","$1,553 ",13,Office Supplies,Paper,EMI,04-May-20,Amber Kennedy,Florida,Tampa,2020-05
B-26904,$594 ,$67 ,19,Office Supplies,Paper,Debit Card,10-Sep-23,Maria Davis,New York,Buffalo,2023-09
B-26904,$594 ,$67 ,19,Office Supplies,Paper,Debit Card,05-Jan-24,Terry Gilbert,Florida,Miami,2024-01
B-26904,$594 ,$67 ,19,Office Supplies,Paper,Debit Card,08-May-24,Devon Schmitt,Texas,Austin,2024-05
B-26456,"$5,954 ","$2,618 ",11,Furniture,Tables,COD,30-Mar-24,Robert Mosley,Ohio,Cincinnati,2024-03
B-25435,"$3,518 ","$1,051 ",3,Furniture,Bookcases,UPI,10-Sep-20,Paul Scott,California,San Francisco,2020-09
B-25435,"$4,157 ","$1,874 ",8,Electronics,Laptops,EMI,10-Sep-20,Paul Scott,California,San Francisco,2020-09
B-26279,"$3,747 ",$410 ,5,Office Supplies,Markers,Credit Card,12-Jul-20,Kristin Alvarez,Illinois,Springfield,2020-07
B-26279,"$3,747 ",$410 ,5,Office Supplies,Markers,Credit Card,08-Dec-22,Kevin Jackson,New York,Buffalo,2022-12
B-26279,"$3,747 ",$410 ,5,Office Supplies,Markers,Credit Card,27-Mar-24,Mrs. Lauren Potter DDS,Ohio,Columbus,2024-03
B-26279,"$3,747 ",$410 ,5,Office Supplies,Markers,Credit Card,17-Feb-23,Jason Brown,Illinois,Chicago,2023-02
B-26279,"$3,747 ",$410 ,5,Office Supplies,Markers,Credit Card,21-Jul-21,Jamie Santos,California,Los Angeles,2021-07
B-26279,"$3,194 ",$534 ,4,Office Supplies,Binders,UPI,12-Jul-20,Kristin Alvarez,Illinois,Springfield,2020-07
B-26279,"$3,194 ",$534 ,4,Office Supplies,Binders,UPI,08-Dec-22,Kevin Jackson,New York,Buffalo,2022-12
B-26279,"$3,194 ",$534 ,4,Office Supplies,Binders,UPI,27-Mar-24,Mrs. Lauren Potter DDS,Ohio,Columbus,2024-03
B-26279,"$3,194 ",$534 ,4,Office Supplies,Binders,UPI,17-Feb-23,Jason Brown,Illinois,Chicago,2023-02
B-26279,"$3,194 ",$534 ,4,Office Supplies,Binders,UPI,21-Jul-21,Jamie Santos,California,Los Angeles,2021-07
B-25770,"$8,548 ","$2,305 ",1,Office Supplies,Binders,COD,30-Oct-22,James Taylor,Florida,Tampa,2022-10
B-25715,"$6,089 ",$139 ,19,Furniture,Tables,Debit Card,31-Dec-20,Alicia Vincent,Ohio,Cincinnati,2020-12
B-25715,"$6,089 ",$139 ,19,Furniture,Tables,Debit Card,15-Apr-22,Kenneth Adams,Ohio,Cleveland,2022-04
B-25715,"$6,089 ",$139 ,19,Furniture,Tables,Debit Card,05-Apr-23,Shelby Browning,Illinois,Chicago,2023-04
B-25715,"$2,586 ",$800 ,16,Furniture,Tables,UPI,31-Dec-20,Alicia Vincent,Ohio,Cincinnati,2020-12
B-25715,"$2,586 ",$800 ,16,Furniture,Tables,UPI,15-Apr-22,Kenneth Adams,Ohio,Cleveland,2022-04
B-25715,"$2,586 ",$800 ,16,Furniture,Tables,UPI,05-Apr-23,Shelby Browning,Illinois,Chicago,2023-04
B-25715,"$3,757 ","$1,626 ",9,Office Supplies,Paper,UPI,31-Dec-20,Alicia Vincent,Ohio,Cincinnati,2020-12
B-25715,"$3,757 ","$1,626 ",9,Office Supplies,Paper,UPI,15-Apr-22,Kenneth Adams,Ohio,Cleveland,2022-04
B-25715,"$3,757 ","$1,626 ",9,Office Supplies,Paper,UPI,05-Apr-23,Shelby Browning,Illinois,Chicago,2023-04
B-26961,"$5,193 ","$2,530 ",5,Furniture,Sofas,Debit Card,29-Oct-21,Johnny Hill,California,San Diego,2021-10
B-26961,"$5,193 ","$2,530 ",5,Furniture,Sofas,Debit Card,29-Dec-24,Nicholas Tucker,Florida,Miami,2024-12
B-25902,"$7,493 ",$96 ,3,Electronics,Electronic Games,UPI,11-Aug-20,Theresa Cline,Ohio,Cleveland,2020-08
B-26321,"$2,062 ",$848 ,6,Office Supplies,Markers,Credit Card,04-Mar-24,Christine Wheeler,Florida,Tampa,2024-03
B-25612,"$7,163 ","$1,536 ",1,Electronics,Phones,EMI,17-Oct-23,Carlos Wells,California,San Diego,2023-10
B-25605,"$4,026 ",$163 ,6,Electronics,Phones,COD,28-Jul-23,Randall Bell,New York,New York City,2023-07
B-25810,"$1,894 ",$275 ,5,Furniture,Chairs,Credit Card,27-Nov-21,Kendra Mckinney,Florida,Miami,2021-11
B-25810,"$7,144 ",$192 ,13,Electronics,Electronic Games,Credit Card,27-Nov-21,Kendra Mckinney,Florida,Miami,2021-11
B-25935,"$3,482 ","$1,554 ",15,Electronics,Laptops,Debit Card,09-Sep-20,Amanda Kim,Ohio,Columbus,2020-09
B-26245,"$4,172 ",$235 ,5,Office Supplies,Paper,EMI,02-Jun-21,Megan Morgan,Ohio,Cleveland,2021-06
B-26245,"$4,172 ",$235 ,5,Office Supplies,Paper,EMI,22-Aug-22,Vincent Kramer,Florida,Orlando,2022-08
B-26245,"$4,172 ",$235 ,5,Office Supplies,Paper,EMI,16-Apr-24,Raymond Bean,Illinois,Springfield,2024-04
B-25346,"$6,265 ",$155 ,8,Furniture,Sofas,COD,23-Aug-22,Reginald Hebert,Ohio,Cincinnati,2022-08
B-25346,"$6,265 ",$155 ,8,Furniture,Sofas,COD,12-Mar-21,Jeremy Vazquez,Ohio,Cleveland,2021-03
B-25594,"$2,931 ",$212 ,7,Electronics,Electronic Games,Credit Card,26-Jun-24,Michael Stewart,Illinois,Peoria,2024-06
B-25594,"$2,931 ",$212 ,7,Electronics,Electronic Games,Credit Card,08-Dec-23,Kevin Johnson,Florida,Tampa,2023-12
B-25471,"$1,146 ",$188 ,9,Furniture,Chairs,Debit Card,27-Nov-24,Tara Hughes,Florida,Tampa,2024-11
B-25398,"$9,215 ",$767 ,13,Electronics,Printers,COD,10-Jan-22,Sandra Perkins,Florida,Tampa,2022-01
B-25398,"$9,215 ",$767 ,13,Electronics,Printers,COD,01-Nov-21,Heather Bell,California,San Francisco,2021-11
B-25999,"$7,895 ","$1,005 ",1,Furniture,Chairs,Credit Card,28-Oct-23,Nancy Boyd,Ohio,Cincinnati,2023-10
B-25999,"$7,895 ","$1,005 ",1,Furniture,Chairs,Credit Card,01-Mar-25,Raymond Reyes,California,San Diego,2025-03
B-25999,"$2,740 ",$558 ,8,Office Supplies,Pens,UPI,28-Oct-23,Nancy Boyd,Ohio,Cincinnati,2023-10
B-25999,"$2,740 ",$558 ,8,Office Supplies,Pens,UPI,01-Mar-25,Raymond Reyes,California,San Diego,2025-03
B-25159,"$5,338 ","$1,354 ",16,Office Supplies,Markers,UPI,01-Aug-24,Cassandra Jordan,Illinois,Peoria,2024-08
B-25159,"$5,338 ","$1,354 ",16,Office Supplies,Markers,UPI,07-Jun-23,Evelyn Harris,New York,Buffalo,2023-06
B-25159,"$5,338 ","$1,354 ",16,Office Supplies,Markers,UPI,21-Oct-24,Shannon Maynard,Florida,Orlando,2024-10
B-25159,"$5,338 ","$1,354 ",16,Office Supplies,Markers,UPI,04-Jan-21,Marie James,New York,Buffalo,2021-01
B-25496,"$3,095 ",$941 ,2,Office Supplies,Pens,EMI,19-Apr-22,Maria Carroll,Ohio,Cleveland,2022-04
B-25496,"$3,095 ",$941 ,2,Office Supplies,Pens,EMI,11-Aug-22,Jessica Sloan,Texas,Austin,2022-08
B-25401,"$6,017 ","$2,230 ",13,Electronics,Printers,Debit Card,04-Aug-23,Scott Craig,Illinois,Peoria,2023-08
B-25707,"$4,904 ",$469 ,2,Office Supplies,Pens,Debit Card,25-Apr-20,Kaitlin Brown,Texas,Dallas,2020-04
B-25707,"$3,080 ",$737 ,6,Office Supplies,Binders,UPI,25-Apr-20,Kaitlin Brown,Texas,Dallas,2020-04
B-26225,"$1,992 ",$355 ,2,Electronics,Phones,COD,14-Dec-24,William Beck,Florida,Tampa,2024-12
B-25662,"$5,346 ","$1,246 ",17,Furniture,Sofas,EMI,25-Jul-22,Eric Mason,Florida,Orlando,2022-07
B-25662,"$5,346 ","$1,246 ",17,Furniture,Sofas,EMI,07-May-22,Lisa Lowe,Florida,Miami,2022-05
B-26752,"$8,422 ",$893 ,18,Electronics,Printers,Debit Card,11-Aug-22,Roy Miller,California,San Francisco,2022-08
B-26752,"$8,422 ",$893 ,18,Electronics,Printers,Debit Card,12-Aug-22,Christopher Espinoza,Ohio,Columbus,2022-08
B-26752,"$6,105 ","$1,447 ",8,Furniture,Bookcases,Credit Card,11-Aug-22,Roy Miller,California,San Francisco,2022-08
B-26752,"$6,105 ","$1,447 ",8,Furniture,Bookcases,Credit Card,12-Aug-22,Christopher Espinoza,Ohio,Columbus,2022-08
B-25640,$670 ,$85 ,9,Office Supplies,Pens,EMI,21-Aug-23,Claire Cole,Texas,Houston,2023-08
B-25030,"$4,057 ","$1,012 ",6,Electronics,Laptops,Credit Card,12-Sep-22,Eric Nunez,California,San Diego,2022-09
B-25504,"$8,178 ","$2,462 ",10,Office Supplies,Pens,UPI,20-Aug-23,David Bell,California,Los Angeles,2023-08
B-26912,"$8,752 ","$1,686 ",9,Furniture,Tables,Debit Card,27-Dec-20,Patrick Hensley MD,Ohio,Cincinnati,2020-12
B-26912,"$8,752 ","$1,686 ",9,Furniture,Tables,Debit Card,04-Sep-23,John Cox,Illinois,Peoria,2023-09
B-26912,"$8,752 ","$1,686 ",9,Furniture,Tables,Debit Card,08-Jan-22,Michelle Sullivan,Illinois,Chicago,2022-01
B-25193,"$8,974 ","$4,441 ",16,Electronics,Printers,EMI,05-Jun-23,Angela Todd,New York,New York City,2023-06
B-25106,"$9,090 ","$3,098 ",16,Electronics,Phones,Credit Card,01-Apr-21,Luke Saunders,Texas,Dallas,2021-04
B-25106,"$9,090 ","$3,098 ",16,Electronics,Phones,Credit Card,28-May-24,Dr. Jennifer Benton DVM,Illinois,Springfield,2024-05
B-25106,$851 ,$356 ,11,Electronics,Electronic Games,Credit Card,01-Apr-21,Luke Saunders,Texas,Dallas,2021-04
B-25106,$851 ,$356 ,11,Electronics,Electronic Games,Credit Card,28-May-24,Dr. Jennifer Benton DVM,Illinois,Springfield,2024-05
B-26835,"$5,427 ",$728 ,3,Electronics,Phones,UPI,09-Mar-23,Keith Smith,Florida,Miami,2023-03
B-25836,"$2,695 ",$914 ,15,Furniture,Bookcases,Debit Card,28-Jul-22,Danielle Mitchell,Illinois,Peoria,2022-07
B-25836,"$2,695 ",$914 ,15,Furniture,Bookcases,Debit Card,17-Jun-21,Jesus Hernandez,California,Los Angeles,2021-06
B-26661,"$2,386 ",$999 ,3,Office Supplies,Pens,COD,13-Feb-24,Jason Norman,Florida,Miami,2024-02
B-26317,"$2,284 ",$149 ,20,Office Supplies,Pens,Debit Card,06-Aug-21,Laura Poole,New York,Rochester,2021-08
B-26839,"$6,034 ",$608 ,8,Electronics,Phones,EMI,01-May-22,Sarah Wagner,Texas,Houston,2022-05
B-26839,"$8,956 ","$3,359 ",13,Furniture,Bookcases,Credit Card,01-May-22,Sarah Wagner,Texas,Houston,2022-05
B-25735,"$7,122 ","$1,982 ",7,Office Supplies,Markers,EMI,11-Mar-24,Bryan Baird,Illinois,Peoria,2024-03
B-25387,"$9,775 ","$4,507 ",5,Office Supplies,Markers,UPI,06-Jul-20,Amy Thompson,Ohio,Cincinnati,2020-07
B-25192,"$3,309 ",$177 ,13,Furniture,Bookcases,EMI,17-Dec-20,Ashley Wright,Ohio,Cleveland,2020-12
B-26844,"$4,163 ",$897 ,14,Electronics,Electronic Games,COD,30-Aug-22,Michelle Lynch,Illinois,Springfield,2022-08
B-26844,"$4,163 ",$897 ,14,Electronics,Electronic Games,COD,27-Feb-25,Ryan Hale,Ohio,Cleveland,2025-02
B-26844,"$4,163 ",$897 ,14,Electronics,Electronic Games,COD,05-Jun-21,Marie Jefferson,Florida,Orlando,2021-06
B-25236,"$5,518 ",$867 ,7,Furniture,Sofas,UPI,22-Dec-22,Vanessa Smith,Texas,Houston,2022-12
B-25940,"$7,566 ",$606 ,6,Electronics,Phones,Debit Card,25-Jan-25,Ryan Foster,Ohio,Columbus,2025-01
B-25940,"$7,566 ",$606 ,6,Electronics,Phones,Debit Card,14-Feb-25,David Lara,California,San Diego,2025-02
B-26765,$762 ,$92 ,11,Electronics,Printers,COD,06-Jan-23,Jonathan Young,Illinois,Springfield,2023-01
B-26817,"$3,316 ",$126 ,6,Electronics,Laptops,COD,11-Oct-20,Debra Townsend,Ohio,Cincinnati,2020-10
B-26522,"$5,994 ","$2,826 ",9,Furniture,Bookcases,EMI,24-May-23,John Thomas,California,San Francisco,2023-05
B-26522,"$5,994 ","$2,826 ",9,Furniture,Bookcases,EMI,12-Mar-24,Bryan Anderson,California,Los Angeles,2024-03
B-26522,"$5,994 ","$2,826 ",9,Furniture,Bookcases,EMI,17-Mar-24,Sarah Miller,New York,New York City,2024-03
B-25681,"$3,854 ",$245 ,19,Electronics,Laptops,COD,17-May-22,Robert Hill,Ohio,Columbus,2022-05
B-25382,"$7,019 ","$2,677 ",15,Office Supplies,Markers,UPI,21-Dec-20,Joshua Rojas,Florida,Miami,2020-12
B-25944,"$5,954 ","$2,640 ",14,Electronics,Laptops,Credit Card,24-Aug-21,Angelica Lewis,New York,New York City,2021-08
B-25944,"$5,954 ","$2,640 ",14,Electronics,Laptops,Credit Card,22-Oct-22,Jessica Russell,Texas,Dallas,2022-10
B-26980,"$9,752 ","$3,618 ",5,Furniture,Bookcases,Debit Card,21-Feb-24,Mary Johnson,New York,Rochester,2024-02
B-26980,"$9,752 ","$3,618 ",5,Furniture,Bookcases,Debit Card,31-Oct-22,Joseph Knight,Illinois,Peoria,2022-10
B-25780,"$5,335 ",$322 ,15,Electronics,Electronic Games,COD,15-May-22,Jessica Greene,New York,New York City,2022-05
B-25964,"$1,454 ",$80 ,20,Electronics,Electronic Games,Credit Card,22-Jul-22,Vincent Perez,New York,Rochester,2022-07
B-26767,"$6,724 ","$1,539 ",19,Furniture,Bookcases,COD,13-Dec-21,Dennis Rivera,California,San Francisco,2021-12
B-26767,"$6,724 ","$1,539 ",19,Furniture,Bookcases,COD,03-Jun-21,Nancy Keller,Texas,Dallas,2021-06
B-25501,"$9,874 ","$3,895 ",4,Office Supplies,Binders,EMI,24-Feb-25,Michelle Anderson,Ohio,Cleveland,2025-02
B-26029,"$4,918 ","$1,485 ",7,Electronics,Phones,UPI,02-Feb-23,Anthony May,Florida,Tampa,2023-02
B-25292,"$3,189 ","$1,180 ",19,Office Supplies,Paper,Credit Card,31-Dec-21,Michelle Guerra,New York,New York City,2021-12
B-25873,"$2,684 ",$713 ,2,Electronics,Electronic Games,UPI,15-Jun-24,Meghan Ballard,New York,New York City,2024-06
B-25873,"$2,684 ",$713 ,2,Electronics,Electronic Games,UPI,05-Jun-22,Brian Wheeler,New York,Buffalo,2022-06
B-25873,"$2,684 ",$713 ,2,Electronics,Electronic Games,UPI,11-May-20,William Rosario,Texas,Dallas,2020-05
B-25444,"$7,626 ",$229 ,5,Office Supplies,Pens,EMI,11-Feb-24,Jessica Hunt,Illinois,Springfield,2024-02
B-25444,"$7,626 ",$229 ,5,Office Supplies,Pens,EMI,25-Nov-20,Tony Chavez,Ohio,Columbus,2020-11
B-26796,"$6,669 ","$3,063 ",19,Electronics,Printers,UPI,12-Aug-23,Mary Crawford,Ohio,Cincinnati,2023-08
B-25537,"$6,123 ","$1,686 ",3,Office Supplies,Markers,Credit Card,06-May-22,Roger Morrison,Ohio,Cincinnati,2022-05
B-26083,"$3,265 ","$1,390 ",16,Office Supplies,Paper,Credit Card,17-Jan-24,Bethany Harrison,California,Los Angeles,2024-01
B-25298,"$8,104 ","$1,039 ",6,Office Supplies,Markers,COD,24-Nov-21,Lisa Mcintyre,Florida,Orlando,2021-11
B-25298,"$8,104 ","$1,039 ",6,Office Supplies,Markers,COD,06-Oct-21,Carolyn Gonzalez,Florida,Miami,2021-10
B-25298,"$8,104 ","$1,039 ",6,Office Supplies,Markers,COD,27-Jan-25,Christina Oconnell,California,San Francisco,2025-01
B-26734,$847 ,$355 ,17,Furniture,Tables,COD,23-May-22,James Garcia,New York,Buffalo,2022-05
B-26734,$847 ,$355 ,17,Furniture,Tables,COD,28-Nov-23,Emily Frederick,Texas,Austin,2023-11
B-26734,$847 ,$355 ,17,Furniture,Tables,COD,18-Jan-23,Shawn Wise,California,San Francisco,2023-01
B-25483,"$3,129 ",$55 ,9,Furniture,Bookcases,Debit Card,06-Sep-21,Carrie Alvarez,Illinois,Peoria,2021-09
B-25483,"$7,821 ","$3,821 ",13,Electronics,Laptops,EMI,06-Sep-21,Carrie Alvarez,Illinois,Peoria,2021-09
B-26041,"$9,498 ",$256 ,12,Electronics,Phones,COD,22-Feb-21,Matthew James,Illinois,Peoria,2021-02
B-26041,"$9,498 ",$256 ,12,Electronics,Phones,COD,06-Oct-21,Jerry Alvarado,New York,New York City,2021-10
B-26750,"$5,461 ","$1,214 ",7,Furniture,Sofas,Credit Card,07-Jun-20,Paul Zimmerman,New York,Rochester,2020-06
B-26138,"$3,084 ",$611 ,19,Furniture,Bookcases,UPI,21-May-24,Carl Ryan,Texas,Dallas,2024-05
B-26929,"$6,087 ","$3,043 ",1,Furniture,Sofas,COD,05-Aug-20,Kelly Roberts,New York,Buffalo,2020-08
B-25359,$611 ,$300 ,3,Furniture,Bookcases,Credit Card,15-Oct-20,Jack Woods,Illinois,Peoria,2020-10
B-25738,"$9,909 ","$2,999 ",18,Office Supplies,Markers,COD,15-May-21,Albert Alexander Jr.,Ohio,Cleveland,2021-05
B-25738,"$9,909 ","$2,999 ",18,Office Supplies,Markers,COD,13-Jan-22,Teresa Perez,Texas,Austin,2022-01
B-25931,"$6,485 ","$3,178 ",18,Furniture,Sofas,UPI,18-Jul-23,Amanda Williams,Ohio,Columbus,2023-07
B-25706,"$7,259 ","$1,969 ",10,Electronics,Laptops,Credit Card,08-Dec-22,Kristen Lawson,Illinois,Springfield,2022-12
B-25352,"$3,333 ",$700 ,18,Electronics,Printers,COD,17-Apr-23,Jacob Stewart,Florida,Miami,2023-04
B-26909,"$7,786 ","$1,202 ",4,Furniture,Sofas,EMI,23-Jun-20,Daniel Brooks,Illinois,Peoria,2020-06
B-26296,"$7,644 ","$2,428 ",6,Electronics,Phones,Debit Card,20-Jan-22,Aaron Dunn,Illinois,Springfield,2022-01
B-26112,"$1,476 ",$247 ,5,Furniture,Bookcases,COD,18-Nov-23,Jacob Martinez,California,Los Angeles,2023-11
B-26112,"$1,476 ",$247 ,5,Furniture,Bookcases,COD,19-Jan-22,Raymond Burgess,California,San Diego,2022-01
B-26790,"$3,445 ","$1,405 ",16,Furniture,Sofas,EMI,21-Sep-20,Jennifer Cooke,California,San Francisco,2020-09
B-26790,"$9,837 ",$384 ,1,Electronics,Laptops,UPI,21-Sep-20,Jennifer Cooke,California,San Francisco,2020-09
B-25986,"$1,314 ",$457 ,8,Furniture,Sofas,EMI,11-Jun-21,Tyrone White,California,San Diego,2021-06
B-25630,"$5,951 ",$936 ,6,Electronics,Laptops,Debit Card,07-Aug-24,Charles Williams,Texas,Dallas,2024-08
B-25630,"$5,951 ",$936 ,6,Electronics,Laptops,Debit Card,26-Jul-22,Amy Page,Ohio,Columbus,2022-07
B-26872,$992 ,$177 ,6,Electronics,Phones,UPI,13-Jan-24,Scott Gibbs,California,Los Angeles,2024-01
B-26872,"$4,699 ",$625 ,18,Office Supplies,Markers,EMI,13-Jan-24,Scott Gibbs,California,Los Angeles,2024-01
B-25870,"$5,557 ","$2,114 ",17,Electronics,Laptops,EMI,28-May-21,Angela Roberts,Ohio,Cleveland,2021-05
B-25991,"$3,436 ",$933 ,3,Electronics,Electronic Games,Credit Card,13-Jun-21,Kyle Hernandez,Texas,Dallas,2021-06
B-25198,"$9,840 ","$3,870 ",11,Electronics,Printers,Debit Card,25-Apr-23,Cynthia Ferguson,Texas,Austin,2023-04
B-25189,"$7,620 ",$125 ,4,Office Supplies,Paper,EMI,05-Jul-21,Brandi Garcia,California,San Francisco,2021-07
B-25189,"$7,620 ",$125 ,4,Office Supplies,Paper,EMI,12-Oct-24,Matthew Blake,California,San Francisco,2024-10
B-26563,"$4,314 ","$1,591 ",5,Furniture,Tables,Debit Card,04-Oct-21,Lauren Howell,New York,Buffalo,2021-10
B-25548,"$8,851 ",$999 ,12,Electronics,Laptops,UPI,07-Feb-24,Joseph Wilson,Ohio,Cincinnati,2024-02
B-25965,$544 ,$272 ,2,Electronics,Laptops,Debit Card,05-Mar-21,Tanner Vance,Texas,Houston,2021-03
B-25965,$544 ,$272 ,2,Electronics,Laptops,Debit Card,25-Jun-23,Michael Nash,New York,Buffalo,2023-06
B-26545,$537 ,$142 ,20,Office Supplies,Markers,EMI,02-Aug-21,Brent Thomas,Illinois,Peoria,2021-08
B-26603,"$5,944 ","$2,661 ",7,Electronics,Laptops,EMI,17-Mar-22,Harold Mitchell,Texas,Austin,2022-03
B-26393,"$2,258 ",$135 ,18,Electronics,Printers,Credit Card,07-Feb-24,Ashley Palmer,Florida,Miami,2024-02
B-26393,"$2,258 ",$135 ,18,Electronics,Printers,Credit Card,19-Aug-22,Stephen Hogan,California,San Diego,2022-08
B-26628,"$9,609 ","$4,339 ",3,Furniture,Sofas,Debit Card,19-Sep-24,George Ashley,Texas,Houston,2024-09
B-26628,"$9,609 ","$4,339 ",3,Furniture,Sofas,Debit Card,05-Apr-20,Sara Bailey,Ohio,Cincinnati,2020-04
B-25945,"$9,952 ","$3,301 ",15,Electronics,Electronic Games,Debit Card,10-Mar-23,Tanya Thomas MD,Texas,Dallas,2023-03
B-26565,"$9,873 ","$4,585 ",7,Office Supplies,Paper,Credit Card,10-Aug-20,Maria Galvan,Ohio,Columbus,2020-08
B-25684,"$3,560 ","$1,335 ",15,Electronics,Electronic Games,COD,29-Apr-20,Duane Kelly,New York,New York City,2020-04
B-25684,"$3,560 ","$1,335 ",15,Electronics,Electronic Games,COD,16-Mar-23,Frank Reynolds,Illinois,Springfield,2023-03
B-26612,"$6,528 ",$76 ,9,Electronics,Phones,Debit Card,04-May-20,Aaron Kim,New York,Buffalo,2020-05
B-26612,"$8,930 ","$3,374 ",12,Furniture,Sofas,Debit Card,04-May-20,Aaron Kim,New York,Buffalo,2020-05
B-25839,"$4,521 ","$1,778 ",9,Office Supplies,Paper,Debit Card,15-Oct-24,David Allen,Florida,Tampa,2024-10
B-25898,"$7,091 ","$2,317 ",10,Furniture,Sofas,Credit Card,09-Jun-22,Monica Lee,California,San Diego,2022-06
B-26120,"$2,101 ",$287 ,8,Office Supplies,Pens,COD,04-Jul-20,Kimberly Fuller,Ohio,Cleveland,2020-07
B-26120,"$2,101 ",$287 ,8,Office Supplies,Pens,COD,09-Apr-23,Erica Scott,Illinois,Chicago,2023-04
B-26426,"$8,644 ","$1,968 ",9,Office Supplies,Paper,Debit Card,24-Nov-23,Melissa Mitchell,Illinois,Chicago,2023-11
B-26309,"$6,672 ","$3,319 ",4,Furniture,Tables,UPI,29-Nov-23,Joshua Murray,Texas,Dallas,2023-11
B-26309,"$6,672 ","$3,319 ",4,Furniture,Tables,UPI,20-May-24,John Jones,California,San Diego,2024-05
B-26789,"$4,699 ",$103 ,12,Office Supplies,Binders,UPI,21-May-24,Cheryl Johnson,Ohio,Cincinnati,2024-05
B-26420,"$4,897 ","$1,001 ",14,Furniture,Sofas,Debit Card,07-Dec-21,Lisa Farmer,Texas,Houston,2021-12
B-26420,"$4,897 ","$1,001 ",14,Furniture,Sofas,Debit Card,06-Jan-25,Christopher Walker,Ohio,Cincinnati,2025-01
B-26257,"$5,460 ","$2,088 ",14,Furniture,Tables,Debit Card,13-Jul-22,Elizabeth Coffey,New York,Buffalo,2022-07
B-26257,"$5,460 ","$2,088 ",14,Furniture,Tables,Debit Card,19-Apr-20,Joseph Clark,Ohio,Cincinnati,2020-04
B-25603,"$9,272 ","$1,771 ",19,Office Supplies,Markers,UPI,14-Nov-24,Jamie Brewer,Illinois,Springfield,2024-11
B-25603,"$9,272 ","$1,771 ",19,Office Supplies,Markers,UPI,18-Apr-20,Lauren Boyer,Texas,Dallas,2020-04
B-25010,"$7,870 ","$1,057 ",15,Office Supplies,Pens,Credit Card,18-Oct-23,Howard Esparza,Texas,Houston,2023-10
B-25010,"$7,870 ","$1,057 ",15,Office Supplies,Pens,Credit Card,21-Mar-21,James Hickman,Ohio,Cleveland,2021-03
B-25889,"$7,992 ",$893 ,12,Electronics,Laptops,Credit Card,13-Sep-24,Jennifer Hernandez,Ohio,Cleveland,2024-09
B-25889,"$7,992 ",$893 ,12,Electronics,Laptops,Credit Card,04-May-23,Shannon Warren,New York,New York City,2023-05
B-25889,"$7,992 ",$893 ,12,Electronics,Laptops,Credit Card,31-May-23,Ashley Aguilar,Illinois,Chicago,2023-05
B-26675,"$6,499 ","$2,189 ",18,Electronics,Electronic Games,EMI,15-Jun-24,Daniel Price,New York,New York City,2024-06
B-26675,"$6,499 ","$2,189 ",18,Electronics,Electronic Games,EMI,03-Apr-21,James Perez,Florida,Orlando,2021-04
B-26168,"$8,848 ","$2,090 ",9,Office Supplies,Pens,Debit Card,14-Jan-25,Jerry Smith,California,San Diego,2025-01
B-25436,"$8,044 ","$3,634 ",3,Office Supplies,Markers,COD,24-Dec-20,Andre Fernandez,Florida,Orlando,2020-12
B-25436,"$8,044 ","$3,634 ",3,Office Supplies,Markers,COD,07-Oct-22,Anthony West,California,San Diego,2022-10
B-25794,"$7,417 ","$1,334 ",16,Furniture,Bookcases,COD,05-Oct-21,Amber Flowers,Florida,Tampa,2021-10
B-26495,"$3,451 ",$658 ,3,Office Supplies,Markers,UPI,28-Dec-24,Patricia Davis,Illinois,Chicago,2024-12
B-25815,"$8,531 ","$2,555 ",4,Electronics,Laptops,EMI,14-May-22,Jasmine Gibbs,Texas,Austin,2022-05
B-25022,"$6,646 ",$848 ,15,Furniture,Sofas,Debit Card,19-Aug-23,Nicole Dudley,New York,New York City,2023-08
B-25022,"$6,646 ",$848 ,15,Furniture,Sofas,Debit Card,14-Jul-23,Lori Colon,New York,Buffalo,2023-07
B-26928,"$2,553 ",$907 ,6,Electronics,Laptops,Credit Card,22-Jun-23,William Carr,Texas,Dallas,2023-06
B-25905,"$8,490 ","$3,485 ",3,Electronics,Phones,Credit Card,21-Mar-23,Jeffrey Dixon,New York,New York City,2023-03
B-26739,"$2,689 ","$1,330 ",3,Furniture,Tables,UPI,13-Dec-20,Robert Sexton,California,Los Angeles,2020-12
B-26739,"$2,689 ","$1,330 ",3,Furniture,Tables,UPI,29-May-24,Brooke Gonzalez,Florida,Miami,2024-05
B-25697,$815 ,$54 ,14,Furniture,Tables,Debit Card,25-May-21,Victoria Bryant MD,California,San Francisco,2021-05
B-25234,"$5,024 ",$379 ,2,Office Supplies,Paper,UPI,02-Apr-24,Nancy Kennedy,Texas,Dallas,2024-04
B-25234,"$5,024 ",$379 ,2,Office Supplies,Paper,UPI,03-Dec-22,Andrew Barry,Illinois,Peoria,2022-12
B-25665,"$8,962 ","$2,444 ",18,Electronics,Electronic Games,Debit Card,12-Jul-21,Carlos Wheeler,Ohio,Cleveland,2021-07
B-25665,"$8,962 ","$2,444 ",18,Electronics,Electronic Games,Debit Card,22-Mar-20,Isabella Roach,Illinois,Peoria,2020-03
B-25028,"$1,961 ",$59 ,12,Office Supplies,Binders,UPI,09-Aug-20,Samantha Williams,Florida,Orlando,2020-08
B-26659,$526 ,$83 ,4,Furniture,Sofas,Credit Card,18-Feb-22,Samuel Little MD,Illinois,Chicago,2022-02
B-25966,"$6,093 ","$3,042 ",9,Furniture,Bookcases,Debit Card,14-Jun-21,Paul Taylor,California,San Francisco,2021-06
B-25966,"$6,093 ","$3,042 ",9,Furniture,Bookcases,Debit Card,01-Mar-21,Susan Baker,California,San Diego,2021-03
B-25350,"$7,699 ",$246 ,5,Electronics,Electronic Games,Debit Card,23-Sep-23,Mark Fry,Texas,Austin,2023-09
B-26370,"$8,825 ","$3,594 ",15,Furniture,Tables,Debit Card,31-Jul-24,Megan Mclean,New York,New York City,2024-07
B-26298,"$2,082 ",$642 ,8,Electronics,Phones,EMI,02-Jun-20,Caitlin Hunt,New York,Rochester,2020-06
B-26298,"$2,082 ",$642 ,8,Electronics,Phones,EMI,15-Dec-22,Jenna Holland,Texas,Austin,2022-12
B-26298,"$2,082 ",$642 ,8,Electronics,Phones,EMI,07-Aug-20,Stephanie Oconnell,New York,Buffalo,2020-08
B-25068,$914 ,$163 ,13,Office Supplies,Markers,UPI,26-Oct-24,Andrea Hill,Illinois,Chicago,2024-10
